sample,modality,dim_1,dim_2,dim_3,dim_4,dim_5,dim_6,dim_7,dim_8,dim_9,dim_10,dim_11,dim_12,dim_13,dim_14,dim_15,dim_16,dim_17,dim_18,dim_19,dim_20,dim_21,dim_22,dim_23,dim_24,dim_25,dim_26,dim_27,dim_28,dim_29,dim_30,dim_31,dim_32,aligned_time,time,condition,batch,is_interpolated
0,scrna,-0.030444965,-0.048217274,0.03832874,0.02754843,-0.10198543,-0.057460535,0.08795782,-0.049752306,0.28988904,0.034153633,-0.070049144,-0.037354328,0.056412086,0.14403015,-0.047388457,0.044726275,0.02638875,0.12285781,-0.009557455,-0.026286952,-0.18176922,0.12135091,0.11806615,0.012203186,-0.011516836,0.07398521,-0.12315526,0.04822916,0.26692215,0.031819534,-0.08634584,0.18871483,0.0,0.0,LPS_stimulation,donor_A,False
1,scrna,-0.02656934,-0.08531062,-0.08386759,0.14170662,0.15179,-0.07927258,-0.0273105,-0.2467652,0.17449313,0.10355794,0.0980212,-0.012282615,0.15261358,-0.12191959,0.044388637,-0.032477845,0.023517508,-0.16209385,-0.0069709574,-0.00022026538,-0.15828793,-0.06500805,0.2653547,0.037180346,-0.03110286,-0.013579008,-0.06766083,-0.1100998,-0.07682405,-0.00066696154,-0.08110752,0.091084935,6.0,6.0,LPS_stimulation,donor_B,False
2,scrna,0.012149991,-0.0025863815,0.114569016,-0.22656715,-0.03207635,-0.12679136,-0.0958431,-0.036476925,0.008727504,-0.008866773,-0.0129146315,0.06841758,0.032065198,-0.14334677,-0.0326008,-0.0694299,0.07128727,-0.008422503,-0.033091515,0.006044495,-0.052838087,0.11079938,-0.003750369,-0.16339359,-0.089018285,0.06644933,-0.026290303,-0.012745229,0.15065049,-0.059543118,-0.07181513,0.14083333,12.0,12.0,LPS_stimulation,donor_B,False
3,scrna,-0.01787105,-0.09992936,0.11710358,0.042371873,0.09990654,-0.08529633,0.16063729,0.06294975,0.046624627,0.077570684,0.055662457,0.106063426,0.2027988,-0.18617861,-0.02565205,0.06650606,-0.12257328,0.13972594,0.085718356,-0.012997899,0.10747066,-0.060291886,-0.058762427,-0.19983764,0.032501437,-0.07636827,0.0423451,-0.024219954,0.023956146,0.09508929,-0.06133126,0.09060268,24.0,24.0,LPS_stimulation,donor_B,False
4,scrna,-0.07065245,-0.31013867,-0.078540236,-0.037605118,0.051737167,-0.03342285,0.18941641,-0.028053977,-0.07092167,0.18899558,-0.04022776,0.010148456,0.0143461935,-0.19746202,0.061598334,0.1267059,0.26031202,0.004493338,-0.19084091,-0.059797354,0.08736725,-0.09912467,0.004830002,-0.116048,0.13901633,-0.17418657,0.08740606,0.07679721,-0.113568954,0.012528997,0.0327863,-0.15658629,48.0,48.0,LPS_stimulation,donor_A,False
5,scrna,-0.030444965,-0.048217274,0.03832874,0.02754843,-0.10198543,-0.057460535,0.08795782,-0.049752306,0.28988904,0.034153633,-0.070049144,-0.037354328,0.056412086,0.14403015,-0.047388457,0.044726275,0.02638875,0.12285781,-0.009557455,-0.026286952,-0.18176922,0.12135091,0.11806615,0.012203186,-0.011516836,0.07398521,-0.12315526,0.04822916,0.26692215,0.031819534,-0.08634584,0.18871483,0.0,0.0,LPS_stimulation,donor_B,False
6,scrna,-0.02656934,-0.08531062,-0.08386759,0.14170662,0.15179,-0.07927258,-0.0273105,-0.2467652,0.17449313,0.10355794,0.0980212,-0.012282615,0.15261358,-0.12191959,0.044388637,-0.032477845,0.023517508,-0.16209385,-0.0069709574,-0.00022026538,-0.15828793,-0.06500805,0.2653547,0.037180346,-0.03110286,-0.013579008,-0.06766083,-0.1100998,-0.07682405,-0.00066696154,-0.08110752,0.091084935,6.0,6.0,LPS_stimulation,donor_A,False
7,scrna,0.012149991,-0.0025863815,0.114569016,-0.22656715,-0.03207635,-0.12679136,-0.0958431,-0.036476925,0.008727504,-0.008866773,-0.0129146315,0.06841758,0.032065198,-0.14334677,-0.0326008,-0.0694299,0.07128727,-0.008422503,-0.033091515,0.006044495,-0.052838087,0.11079938,-0.003750369,-0.16339359,-0.089018285,0.06644933,-0.026290303,-0.012745229,0.15065049,-0.059543118,-0.07181513,0.14083333,12.0,12.0,LPS_stimulation,donor_B,False
8,scrna,-0.01787105,-0.09992936,0.11710358,0.042371873,0.09990654,-0.08529633,0.16063729,0.06294975,0.046624627,0.077570684,0.055662457,0.106063426,0.2027988,-0.18617861,-0.02565205,0.06650606,-0.12257328,0.13972594,0.085718356,-0.012997899,0.10747066,-0.060291886,-0.058762427,-0.19983764,0.032501437,-0.07636827,0.0423451,-0.024219954,0.023956146,0.09508929,-0.06133126,0.09060268,24.0,24.0,LPS_stimulation,donor_B,False
9,scrna,-0.07065245,-0.31013867,-0.078540236,-0.037605118,0.051737167,-0.03342285,0.18941641,-0.028053977,-0.07092167,0.18899558,-0.04022776,0.010148456,0.0143461935,-0.19746202,0.061598334,0.1267059,0.26031202,0.004493338,-0.19084091,-0.059797354,0.08736725,-0.09912467,0.004830002,-0.116048,0.13901633,-0.17418657,0.08740606,0.07679721,-0.113568954,0.012528997,0.0327863,-0.15658629,48.0,48.0,LPS_stimulation,donor_B,False
10,scrna,-0.030444965,-0.048217274,0.03832874,0.02754843,-0.10198543,-0.057460535,0.08795782,-0.049752306,0.28988904,0.034153633,-0.070049144,-0.037354328,0.056412086,0.14403015,-0.047388457,0.044726275,0.02638875,0.12285781,-0.009557455,-0.026286952,-0.18176922,0.12135091,0.11806615,0.012203186,-0.011516836,0.07398521,-0.12315526,0.04822916,0.26692215,0.031819534,-0.08634584,0.18871483,0.0,0.0,LPS_stimulation,donor_A,False
11,scrna,-0.02656934,-0.08531062,-0.08386759,0.14170662,0.15179,-0.07927258,-0.0273105,-0.2467652,0.17449313,0.10355794,0.0980212,-0.012282615,0.15261358,-0.12191959,0.044388637,-0.032477845,0.023517508,-0.16209385,-0.0069709574,-0.00022026538,-0.15828793,-0.06500805,0.2653547,0.037180346,-0.03110286,-0.013579008,-0.06766083,-0.1100998,-0.07682405,-0.00066696154,-0.08110752,0.091084935,6.0,6.0,LPS_stimulation,donor_A,False
12,scrna,0.012149991,-0.0025863815,0.114569016,-0.22656715,-0.03207635,-0.12679136,-0.0958431,-0.036476925,0.008727504,-0.008866773,-0.0129146315,0.06841758,0.032065198,-0.14334677,-0.0326008,-0.0694299,0.07128727,-0.008422503,-0.033091515,0.006044495,-0.052838087,0.11079938,-0.003750369,-0.16339359,-0.089018285,0.06644933,-0.026290303,-0.012745229,0.15065049,-0.059543118,-0.07181513,0.14083333,12.0,12.0,LPS_stimulation,donor_B,False
13,scrna,-0.01787105,-0.09992936,0.11710358,0.042371873,0.09990654,-0.08529633,0.16063729,0.06294975,0.046624627,0.077570684,0.055662457,0.106063426,0.2027988,-0.18617861,-0.02565205,0.06650606,-0.12257328,0.13972594,0.085718356,-0.012997899,0.10747066,-0.060291886,-0.058762427,-0.19983764,0.032501437,-0.07636827,0.0423451,-0.024219954,0.023956146,0.09508929,-0.06133126,0.09060268,24.0,24.0,LPS_stimulation,donor_A,False
14,scrna,-0.07065245,-0.31013867,-0.078540236,-0.037605118,0.051737167,-0.03342285,0.18941641,-0.028053977,-0.07092167,0.18899558,-0.04022776,0.010148456,0.0143461935,-0.19746202,0.061598334,0.1267059,0.26031202,0.004493338,-0.19084091,-0.059797354,0.08736725,-0.09912467,0.004830002,-0.116048,0.13901633,-0.17418657,0.08740606,0.07679721,-0.113568954,0.012528997,0.0327863,-0.15658629,48.0,48.0,LPS_stimulation,donor_A,False
15,scrna,-0.030444965,-0.048217274,0.03832874,0.02754843,-0.10198543,-0.057460535,0.08795782,-0.049752306,0.28988904,0.034153633,-0.070049144,-0.037354328,0.056412086,0.14403015,-0.047388457,0.044726275,0.02638875,0.12285781,-0.009557455,-0.026286952,-0.18176922,0.12135091,0.11806615,0.012203186,-0.011516836,0.07398521,-0.12315526,0.04822916,0.26692215,0.031819534,-0.08634584,0.18871483,0.0,0.0,LPS_stimulation,donor_A,False
16,scrna,-0.02656934,-0.08531062,-0.08386759,0.14170662,0.15179,-0.07927258,-0.0273105,-0.2467652,0.17449313,0.10355794,0.0980212,-0.012282615,0.15261358,-0.12191959,0.044388637,-0.032477845,0.023517508,-0.16209385,-0.0069709574,-0.00022026538,-0.15828793,-0.06500805,0.2653547,0.037180346,-0.03110286,-0.013579008,-0.06766083,-0.1100998,-0.07682405,-0.00066696154,-0.08110752,0.091084935,6.0,6.0,LPS_stimulation,donor_A,False
17,scrna,0.012149991,-0.0025863815,0.114569016,-0.22656715,-0.03207635,-0.12679136,-0.0958431,-0.036476925,0.008727504,-0.008866773,-0.0129146315,0.06841758,0.032065198,-0.14334677,-0.0326008,-0.0694299,0.07128727,-0.008422503,-0.033091515,0.006044495,-0.052838087,0.11079938,-0.003750369,-0.16339359,-0.089018285,0.06644933,-0.026290303,-0.012745229,0.15065049,-0.059543118,-0.07181513,0.14083333,12.0,12.0,LPS_stimulation,donor_B,False
18,scrna,-0.01787105,-0.09992936,0.11710358,0.042371873,0.09990654,-0.08529633,0.16063729,0.06294975,0.046624627,0.077570684,0.055662457,0.106063426,0.2027988,-0.18617861,-0.02565205,0.06650606,-0.12257328,0.13972594,0.085718356,-0.012997899,0.10747066,-0.060291886,-0.058762427,-0.19983764,0.032501437,-0.07636827,0.0423451,-0.024219954,0.023956146,0.09508929,-0.06133126,0.09060268,24.0,24.0,LPS_stimulation,donor_A,False
19,scrna,-0.07065245,-0.31013867,-0.078540236,-0.037605118,0.051737167,-0.03342285,0.18941641,-0.028053977,-0.07092167,0.18899558,-0.04022776,0.010148456,0.0143461935,-0.19746202,0.061598334,0.1267059,0.26031202,0.004493338,-0.19084091,-0.059797354,0.08736725,-0.09912467,0.004830002,-0.116048,0.13901633,-0.17418657,0.08740606,0.07679721,-0.113568954,0.012528997,0.0327863,-0.15658629,48.0,48.0,LPS_stimulation,donor_A,False
20,scrna,-0.030444965,-0.048217274,0.03832874,0.02754843,-0.10198543,-0.057460535,0.08795782,-0.049752306,0.28988904,0.034153633,-0.070049144,-0.037354328,0.056412086,0.14403015,-0.047388457,0.044726275,0.02638875,0.12285781,-0.009557455,-0.026286952,-0.18176922,0.12135091,0.11806615,0.012203186,-0.011516836,0.07398521,-0.12315526,0.04822916,0.26692215,0.031819534,-0.08634584,0.18871483,0.0,0.0,LPS_stimulation,donor_B,False
21,scrna,-0.02656934,-0.08531062,-0.08386759,0.14170662,0.15179,-0.07927258,-0.0273105,-0.2467652,0.17449313,0.10355794,0.0980212,-0.012282615,0.15261358,-0.12191959,0.044388637,-0.032477845,0.023517508,-0.16209385,-0.0069709574,-0.00022026538,-0.15828793,-0.06500805,0.2653547,0.037180346,-0.03110286,-0.013579008,-0.06766083,-0.1100998,-0.07682405,-0.00066696154,-0.08110752,0.091084935,6.0,6.0,LPS_stimulation,donor_A,False
22,scrna,0.012149991,-0.0025863815,0.114569016,-0.22656715,-0.03207635,-0.12679136,-0.0958431,-0.036476925,0.008727504,-0.008866773,-0.0129146315,0.06841758,0.032065198,-0.14334677,-0.0326008,-0.0694299,0.07128727,-0.008422503,-0.033091515,0.006044495,-0.052838087,0.11079938,-0.003750369,-0.16339359,-0.089018285,0.06644933,-0.026290303,-0.012745229,0.15065049,-0.059543118,-0.07181513,0.14083333,12.0,12.0,LPS_stimulation,donor_A,False
23,scrna,-0.01787105,-0.09992936,0.11710358,0.042371873,0.09990654,-0.08529633,0.16063729,0.06294975,0.046624627,0.077570684,0.055662457,0.106063426,0.2027988,-0.18617861,-0.02565205,0.06650606,-0.12257328,0.13972594,0.085718356,-0.012997899,0.10747066,-0.060291886,-0.058762427,-0.19983764,0.032501437,-0.07636827,0.0423451,-0.024219954,0.023956146,0.09508929,-0.06133126,0.09060268,24.0,24.0,LPS_stimulation,donor_B,False
24,scrna,-0.07065245,-0.31013867,-0.078540236,-0.037605118,0.051737167,-0.03342285,0.18941641,-0.028053977,-0.07092167,0.18899558,-0.04022776,0.010148456,0.0143461935,-0.19746202,0.061598334,0.1267059,0.26031202,0.004493338,-0.19084091,-0.059797354,0.08736725,-0.09912467,0.004830002,-0.116048,0.13901633,-0.17418657,0.08740606,0.07679721,-0.113568954,0.012528997,0.0327863,-0.15658629,48.0,48.0,LPS_stimulation,donor_A,False
25,scrna,-0.030444965,-0.048217274,0.03832874,0.02754843,-0.10198543,-0.057460535,0.08795782,-0.049752306,0.28988904,0.034153633,-0.070049144,-0.037354328,0.056412086,0.14403015,-0.047388457,0.044726275,0.02638875,0.12285781,-0.009557455,-0.026286952,-0.18176922,0.12135091,0.11806615,0.012203186,-0.011516836,0.07398521,-0.12315526,0.04822916,0.26692215,0.031819534,-0.08634584,0.18871483,0.0,0.0,LPS_stimulation,donor_B,False
26,scrna,-0.02656934,-0.08531062,-0.08386759,0.14170662,0.15179,-0.07927258,-0.0273105,-0.2467652,0.17449313,0.10355794,0.0980212,-0.012282615,0.15261358,-0.12191959,0.044388637,-0.032477845,0.023517508,-0.16209385,-0.0069709574,-0.00022026538,-0.15828793,-0.06500805,0.2653547,0.037180346,-0.03110286,-0.013579008,-0.06766083,-0.1100998,-0.07682405,-0.00066696154,-0.08110752,0.091084935,6.0,6.0,LPS_stimulation,donor_B,False
27,scrna,0.012149991,-0.0025863815,0.114569016,-0.22656715,-0.03207635,-0.12679136,-0.0958431,-0.036476925,0.008727504,-0.008866773,-0.0129146315,0.06841758,0.032065198,-0.14334677,-0.0326008,-0.0694299,0.07128727,-0.008422503,-0.033091515,0.006044495,-0.052838087,0.11079938,-0.003750369,-0.16339359,-0.089018285,0.06644933,-0.026290303,-0.012745229,0.15065049,-0.059543118,-0.07181513,0.14083333,12.0,12.0,LPS_stimulation,donor_A,False
28,scrna,-0.01787105,-0.09992936,0.11710358,0.042371873,0.09990654,-0.08529633,0.16063729,0.06294975,0.046624627,0.077570684,0.055662457,0.106063426,0.2027988,-0.18617861,-0.02565205,0.06650606,-0.12257328,0.13972594,0.085718356,-0.012997899,0.10747066,-0.060291886,-0.058762427,-0.19983764,0.032501437,-0.07636827,0.0423451,-0.024219954,0.023956146,0.09508929,-0.06133126,0.09060268,24.0,24.0,LPS_stimulation,donor_B,False
29,scrna,-0.07065245,-0.31013867,-0.078540236,-0.037605118,0.051737167,-0.03342285,0.18941641,-0.028053977,-0.07092167,0.18899558,-0.04022776,0.010148456,0.0143461935,-0.19746202,0.061598334,0.1267059,0.26031202,0.004493338,-0.19084091,-0.059797354,0.08736725,-0.09912467,0.004830002,-0.116048,0.13901633,-0.17418657,0.08740606,0.07679721,-0.113568954,0.012528997,0.0327863,-0.15658629,48.0,48.0,LPS_stimulation,donor_A,False
30,scrna,-0.030444965,-0.048217274,0.03832874,0.02754843,-0.10198543,-0.057460535,0.08795782,-0.049752306,0.28988904,0.034153633,-0.070049144,-0.037354328,0.056412086,0.14403015,-0.047388457,0.044726275,0.02638875,0.12285781,-0.009557455,-0.026286952,-0.18176922,0.12135091,0.11806615,0.012203186,-0.011516836,0.07398521,-0.12315526,0.04822916,0.26692215,0.031819534,-0.08634584,0.18871483,0.0,0.0,LPS_stimulation,donor_B,False
31,scrna,-0.02656934,-0.08531062,-0.08386759,0.14170662,0.15179,-0.07927258,-0.0273105,-0.2467652,0.17449313,0.10355794,0.0980212,-0.012282615,0.15261358,-0.12191959,0.044388637,-0.032477845,0.023517508,-0.16209385,-0.0069709574,-0.00022026538,-0.15828793,-0.06500805,0.2653547,0.037180346,-0.03110286,-0.013579008,-0.06766083,-0.1100998,-0.07682405,-0.00066696154,-0.08110752,0.091084935,6.0,6.0,LPS_stimulation,donor_B,False
32,scrna,0.012149991,-0.0025863815,0.114569016,-0.22656715,-0.03207635,-0.12679136,-0.0958431,-0.036476925,0.008727504,-0.008866773,-0.0129146315,0.06841758,0.032065198,-0.14334677,-0.0326008,-0.0694299,0.07128727,-0.008422503,-0.033091515,0.006044495,-0.052838087,0.11079938,-0.003750369,-0.16339359,-0.089018285,0.06644933,-0.026290303,-0.012745229,0.15065049,-0.059543118,-0.07181513,0.14083333,12.0,12.0,LPS_stimulation,donor_B,False
33,scrna,-0.01787105,-0.09992936,0.11710358,0.042371873,0.09990654,-0.08529633,0.16063729,0.06294975,0.046624627,0.077570684,0.055662457,0.106063426,0.2027988,-0.18617861,-0.02565205,0.06650606,-0.12257328,0.13972594,0.085718356,-0.012997899,0.10747066,-0.060291886,-0.058762427,-0.19983764,0.032501437,-0.07636827,0.0423451,-0.024219954,0.023956146,0.09508929,-0.06133126,0.09060268,24.0,24.0,LPS_stimulation,donor_B,False
34,scrna,-0.07065245,-0.31013867,-0.078540236,-0.037605118,0.051737167,-0.03342285,0.18941641,-0.028053977,-0.07092167,0.18899558,-0.04022776,0.010148456,0.0143461935,-0.19746202,0.061598334,0.1267059,0.26031202,0.004493338,-0.19084091,-0.059797354,0.08736725,-0.09912467,0.004830002,-0.116048,0.13901633,-0.17418657,0.08740606,0.07679721,-0.113568954,0.012528997,0.0327863,-0.15658629,48.0,48.0,LPS_stimulation,donor_B,False
35,scrna,-0.030444965,-0.048217274,0.03832874,0.02754843,-0.10198543,-0.057460535,0.08795782,-0.049752306,0.28988904,0.034153633,-0.070049144,-0.037354328,0.056412086,0.14403015,-0.047388457,0.044726275,0.02638875,0.12285781,-0.009557455,-0.026286952,-0.18176922,0.12135091,0.11806615,0.012203186,-0.011516836,0.07398521,-0.12315526,0.04822916,0.26692215,0.031819534,-0.08634584,0.18871483,0.0,0.0,LPS_stimulation,donor_B,False
36,scrna,-0.02656934,-0.08531062,-0.08386759,0.14170662,0.15179,-0.07927258,-0.0273105,-0.2467652,0.17449313,0.10355794,0.0980212,-0.012282615,0.15261358,-0.12191959,0.044388637,-0.032477845,0.023517508,-0.16209385,-0.0069709574,-0.00022026538,-0.15828793,-0.06500805,0.2653547,0.037180346,-0.03110286,-0.013579008,-0.06766083,-0.1100998,-0.07682405,-0.00066696154,-0.08110752,0.091084935,6.0,6.0,LPS_stimulation,donor_B,False
37,scrna,0.012149991,-0.0025863815,0.114569016,-0.22656715,-0.03207635,-0.12679136,-0.0958431,-0.036476925,0.008727504,-0.008866773,-0.0129146315,0.06841758,0.032065198,-0.14334677,-0.0326008,-0.0694299,0.07128727,-0.008422503,-0.033091515,0.006044495,-0.052838087,0.11079938,-0.003750369,-0.16339359,-0.089018285,0.06644933,-0.026290303,-0.012745229,0.15065049,-0.059543118,-0.07181513,0.14083333,12.0,12.0,LPS_stimulation,donor_B,False
38,scrna,-0.01787105,-0.09992936,0.11710358,0.042371873,0.09990654,-0.08529633,0.16063729,0.06294975,0.046624627,0.077570684,0.055662457,0.106063426,0.2027988,-0.18617861,-0.02565205,0.06650606,-0.12257328,0.13972594,0.085718356,-0.012997899,0.10747066,-0.060291886,-0.058762427,-0.19983764,0.032501437,-0.07636827,0.0423451,-0.024219954,0.023956146,0.09508929,-0.06133126,0.09060268,24.0,24.0,LPS_stimulation,donor_B,False
39,scrna,-0.07065245,-0.31013867,-0.078540236,-0.037605118,0.051737167,-0.03342285,0.18941641,-0.028053977,-0.07092167,0.18899558,-0.04022776,0.010148456,0.0143461935,-0.19746202,0.061598334,0.1267059,0.26031202,0.004493338,-0.19084091,-0.059797354,0.08736725,-0.09912467,0.004830002,-0.116048,0.13901633,-0.17418657,0.08740606,0.07679721,-0.113568954,0.012528997,0.0327863,-0.15658629,48.0,48.0,LPS_stimulation,donor_B,False
40,scrna,-0.030444965,-0.048217274,0.03832874,0.02754843,-0.10198543,-0.057460535,0.08795782,-0.049752306,0.28988904,0.034153633,-0.070049144,-0.037354328,0.056412086,0.14403015,-0.047388457,0.044726275,0.02638875,0.12285781,-0.009557455,-0.026286952,-0.18176922,0.12135091,0.11806615,0.012203186,-0.011516836,0.07398521,-0.12315526,0.04822916,0.26692215,0.031819534,-0.08634584,0.18871483,0.0,0.0,LPS_stimulation,donor_B,False
41,scrna,-0.02656934,-0.08531062,-0.08386759,0.14170662,0.15179,-0.07927258,-0.0273105,-0.2467652,0.17449313,0.10355794,0.0980212,-0.012282615,0.15261358,-0.12191959,0.044388637,-0.032477845,0.023517508,-0.16209385,-0.0069709574,-0.00022026538,-0.15828793,-0.06500805,0.2653547,0.037180346,-0.03110286,-0.013579008,-0.06766083,-0.1100998,-0.07682405,-0.00066696154,-0.08110752,0.091084935,6.0,6.0,LPS_stimulation,donor_B,False
42,scrna,0.012149991,-0.0025863815,0.114569016,-0.22656715,-0.03207635,-0.12679136,-0.0958431,-0.036476925,0.008727504,-0.008866773,-0.0129146315,0.06841758,0.032065198,-0.14334677,-0.0326008,-0.0694299,0.07128727,-0.008422503,-0.033091515,0.006044495,-0.052838087,0.11079938,-0.003750369,-0.16339359,-0.089018285,0.06644933,-0.026290303,-0.012745229,0.15065049,-0.059543118,-0.07181513,0.14083333,12.0,12.0,LPS_stimulation,donor_A,False
43,scrna,-0.01787105,-0.09992936,0.11710358,0.042371873,0.09990654,-0.08529633,0.16063729,0.06294975,0.046624627,0.077570684,0.055662457,0.106063426,0.2027988,-0.18617861,-0.02565205,0.06650606,-0.12257328,0.13972594,0.085718356,-0.012997899,0.10747066,-0.060291886,-0.058762427,-0.19983764,0.032501437,-0.07636827,0.0423451,-0.024219954,0.023956146,0.09508929,-0.06133126,0.09060268,24.0,24.0,LPS_stimulation,donor_B,False
44,scrna,-0.07065245,-0.31013867,-0.078540236,-0.037605118,0.051737167,-0.03342285,0.18941641,-0.028053977,-0.07092167,0.18899558,-0.04022776,0.010148456,0.0143461935,-0.19746202,0.061598334,0.1267059,0.26031202,0.004493338,-0.19084091,-0.059797354,0.08736725,-0.09912467,0.004830002,-0.116048,0.13901633,-0.17418657,0.08740606,0.07679721,-0.113568954,0.012528997,0.0327863,-0.15658629,48.0,48.0,LPS_stimulation,donor_B,False
45,scrna,-0.030444965,-0.048217274,0.03832874,0.02754843,-0.10198543,-0.057460535,0.08795782,-0.049752306,0.28988904,0.034153633,-0.070049144,-0.037354328,0.056412086,0.14403015,-0.047388457,0.044726275,0.02638875,0.12285781,-0.009557455,-0.026286952,-0.18176922,0.12135091,0.11806615,0.012203186,-0.011516836,0.07398521,-0.12315526,0.04822916,0.26692215,0.031819534,-0.08634584,0.18871483,0.0,0.0,LPS_stimulation,donor_B,False
46,scrna,-0.02656934,-0.08531062,-0.08386759,0.14170662,0.15179,-0.07927258,-0.0273105,-0.2467652,0.17449313,0.10355794,0.0980212,-0.012282615,0.15261358,-0.12191959,0.044388637,-0.032477845,0.023517508,-0.16209385,-0.0069709574,-0.00022026538,-0.15828793,-0.06500805,0.2653547,0.037180346,-0.03110286,-0.013579008,-0.06766083,-0.1100998,-0.07682405,-0.00066696154,-0.08110752,0.091084935,6.0,6.0,LPS_stimulation,donor_B,False
47,scrna,0.012149991,-0.0025863815,0.114569016,-0.22656715,-0.03207635,-0.12679136,-0.0958431,-0.036476925,0.008727504,-0.008866773,-0.0129146315,0.06841758,0.032065198,-0.14334677,-0.0326008,-0.0694299,0.07128727,-0.008422503,-0.033091515,0.006044495,-0.052838087,0.11079938,-0.003750369,-0.16339359,-0.089018285,0.06644933,-0.026290303,-0.012745229,0.15065049,-0.059543118,-0.07181513,0.14083333,12.0,12.0,LPS_stimulation,donor_A,False
48,scrna,-0.01787105,-0.09992936,0.11710358,0.042371873,0.09990654,-0.08529633,0.16063729,0.06294975,0.046624627,0.077570684,0.055662457,0.106063426,0.2027988,-0.18617861,-0.02565205,0.06650606,-0.12257328,0.13972594,0.085718356,-0.012997899,0.10747066,-0.060291886,-0.058762427,-0.19983764,0.032501437,-0.07636827,0.0423451,-0.024219954,0.023956146,0.09508929,-0.06133126,0.09060268,24.0,24.0,LPS_stimulation,donor_B,False
49,scrna,-0.07065245,-0.31013867,-0.078540236,-0.037605118,0.051737167,-0.03342285,0.18941641,-0.028053977,-0.07092167,0.18899558,-0.04022776,0.010148456,0.0143461935,-0.19746202,0.061598334,0.1267059,0.26031202,0.004493338,-0.19084091,-0.059797354,0.08736725,-0.09912467,0.004830002,-0.116048,0.13901633,-0.17418657,0.08740606,0.07679721,-0.113568954,0.012528997,0.0327863,-0.15658629,48.0,48.0,LPS_stimulation,donor_A,False
50,scrna,-0.030444965,-0.048217274,0.03832874,0.02754843,-0.10198543,-0.057460535,0.08795782,-0.049752306,0.28988904,0.034153633,-0.070049144,-0.037354328,0.056412086,0.14403015,-0.047388457,0.044726275,0.02638875,0.12285781,-0.009557455,-0.026286952,-0.18176922,0.12135091,0.11806615,0.012203186,-0.011516836,0.07398521,-0.12315526,0.04822916,0.26692215,0.031819534,-0.08634584,0.18871483,0.0,0.0,LPS_stimulation,donor_B,False
51,scrna,-0.02656934,-0.08531062,-0.08386759,0.14170662,0.15179,-0.07927258,-0.0273105,-0.2467652,0.17449313,0.10355794,0.0980212,-0.012282615,0.15261358,-0.12191959,0.044388637,-0.032477845,0.023517508,-0.16209385,-0.0069709574,-0.00022026538,-0.15828793,-0.06500805,0.2653547,0.037180346,-0.03110286,-0.013579008,-0.06766083,-0.1100998,-0.07682405,-0.00066696154,-0.08110752,0.091084935,6.0,6.0,LPS_stimulation,donor_B,False
52,scrna,0.012149991,-0.0025863815,0.114569016,-0.22656715,-0.03207635,-0.12679136,-0.0958431,-0.036476925,0.008727504,-0.008866773,-0.0129146315,0.06841758,0.032065198,-0.14334677,-0.0326008,-0.0694299,0.07128727,-0.008422503,-0.033091515,0.006044495,-0.052838087,0.11079938,-0.003750369,-0.16339359,-0.089018285,0.06644933,-0.026290303,-0.012745229,0.15065049,-0.059543118,-0.07181513,0.14083333,12.0,12.0,LPS_stimulation,donor_B,False
53,scrna,-0.01787105,-0.09992936,0.11710358,0.042371873,0.09990654,-0.08529633,0.16063729,0.06294975,0.046624627,0.077570684,0.055662457,0.106063426,0.2027988,-0.18617861,-0.02565205,0.06650606,-0.12257328,0.13972594,0.085718356,-0.012997899,0.10747066,-0.060291886,-0.058762427,-0.19983764,0.032501437,-0.07636827,0.0423451,-0.024219954,0.023956146,0.09508929,-0.06133126,0.09060268,24.0,24.0,LPS_stimulation,donor_A,False
54,scrna,-0.07065245,-0.31013867,-0.078540236,-0.037605118,0.051737167,-0.03342285,0.18941641,-0.028053977,-0.07092167,0.18899558,-0.04022776,0.010148456,0.0143461935,-0.19746202,0.061598334,0.1267059,0.26031202,0.004493338,-0.19084091,-0.059797354,0.08736725,-0.09912467,0.004830002,-0.116048,0.13901633,-0.17418657,0.08740606,0.07679721,-0.113568954,0.012528997,0.0327863,-0.15658629,48.0,48.0,LPS_stimulation,donor_A,False
55,scrna,-0.030444965,-0.048217274,0.03832874,0.02754843,-0.10198543,-0.057460535,0.08795782,-0.049752306,0.28988904,0.034153633,-0.070049144,-0.037354328,0.056412086,0.14403015,-0.047388457,0.044726275,0.02638875,0.12285781,-0.009557455,-0.026286952,-0.18176922,0.12135091,0.11806615,0.012203186,-0.011516836,0.07398521,-0.12315526,0.04822916,0.26692215,0.031819534,-0.08634584,0.18871483,0.0,0.0,LPS_stimulation,donor_A,False
56,scrna,-0.02656934,-0.08531062,-0.08386759,0.14170662,0.15179,-0.07927258,-0.0273105,-0.2467652,0.17449313,0.10355794,0.0980212,-0.012282615,0.15261358,-0.12191959,0.044388637,-0.032477845,0.023517508,-0.16209385,-0.0069709574,-0.00022026538,-0.15828793,-0.06500805,0.2653547,0.037180346,-0.03110286,-0.013579008,-0.06766083,-0.1100998,-0.07682405,-0.00066696154,-0.08110752,0.091084935,6.0,6.0,LPS_stimulation,donor_A,False
57,scrna,0.012149991,-0.0025863815,0.114569016,-0.22656715,-0.03207635,-0.12679136,-0.0958431,-0.036476925,0.008727504,-0.008866773,-0.0129146315,0.06841758,0.032065198,-0.14334677,-0.0326008,-0.0694299,0.07128727,-0.008422503,-0.033091515,0.006044495,-0.052838087,0.11079938,-0.003750369,-0.16339359,-0.089018285,0.06644933,-0.026290303,-0.012745229,0.15065049,-0.059543118,-0.07181513,0.14083333,12.0,12.0,LPS_stimulation,donor_B,False
58,scrna,-0.01787105,-0.09992936,0.11710358,0.042371873,0.09990654,-0.08529633,0.16063729,0.06294975,0.046624627,0.077570684,0.055662457,0.106063426,0.2027988,-0.18617861,-0.02565205,0.06650606,-0.12257328,0.13972594,0.085718356,-0.012997899,0.10747066,-0.060291886,-0.058762427,-0.19983764,0.032501437,-0.07636827,0.0423451,-0.024219954,0.023956146,0.09508929,-0.06133126,0.09060268,24.0,24.0,LPS_stimulation,donor_B,False
59,scrna,-0.07065245,-0.31013867,-0.078540236,-0.037605118,0.051737167,-0.03342285,0.18941641,-0.028053977,-0.07092167,0.18899558,-0.04022776,0.010148456,0.0143461935,-0.19746202,0.061598334,0.1267059,0.26031202,0.004493338,-0.19084091,-0.059797354,0.08736725,-0.09912467,0.004830002,-0.116048,0.13901633,-0.17418657,0.08740606,0.07679721,-0.113568954,0.012528997,0.0327863,-0.15658629,48.0,48.0,LPS_stimulation,donor_A,False
60,scrna,-0.030444965,-0.048217274,0.03832874,0.02754843,-0.10198543,-0.057460535,0.08795782,-0.049752306,0.28988904,0.034153633,-0.070049144,-0.037354328,0.056412086,0.14403015,-0.047388457,0.044726275,0.02638875,0.12285781,-0.009557455,-0.026286952,-0.18176922,0.12135091,0.11806615,0.012203186,-0.011516836,0.07398521,-0.12315526,0.04822916,0.26692215,0.031819534,-0.08634584,0.18871483,0.0,0.0,LPS_stimulation,donor_A,False
61,scrna,-0.02656934,-0.08531062,-0.08386759,0.14170662,0.15179,-0.07927258,-0.0273105,-0.2467652,0.17449313,0.10355794,0.0980212,-0.012282615,0.15261358,-0.12191959,0.044388637,-0.032477845,0.023517508,-0.16209385,-0.0069709574,-0.00022026538,-0.15828793,-0.06500805,0.2653547,0.037180346,-0.03110286,-0.013579008,-0.06766083,-0.1100998,-0.07682405,-0.00066696154,-0.08110752,0.091084935,6.0,6.0,LPS_stimulation,donor_B,False
62,scrna,0.012149991,-0.0025863815,0.114569016,-0.22656715,-0.03207635,-0.12679136,-0.0958431,-0.036476925,0.008727504,-0.008866773,-0.0129146315,0.06841758,0.032065198,-0.14334677,-0.0326008,-0.0694299,0.07128727,-0.008422503,-0.033091515,0.006044495,-0.052838087,0.11079938,-0.003750369,-0.16339359,-0.089018285,0.06644933,-0.026290303,-0.012745229,0.15065049,-0.059543118,-0.07181513,0.14083333,12.0,12.0,LPS_stimulation,donor_A,False
63,scrna,-0.01787105,-0.09992936,0.11710358,0.042371873,0.09990654,-0.08529633,0.16063729,0.06294975,0.046624627,0.077570684,0.055662457,0.106063426,0.2027988,-0.18617861,-0.02565205,0.06650606,-0.12257328,0.13972594,0.085718356,-0.012997899,0.10747066,-0.060291886,-0.058762427,-0.19983764,0.032501437,-0.07636827,0.0423451,-0.024219954,0.023956146,0.09508929,-0.06133126,0.09060268,24.0,24.0,LPS_stimulation,donor_A,False
64,scrna,-0.07065245,-0.31013867,-0.078540236,-0.037605118,0.051737167,-0.03342285,0.18941641,-0.028053977,-0.07092167,0.18899558,-0.04022776,0.010148456,0.0143461935,-0.19746202,0.061598334,0.1267059,0.26031202,0.004493338,-0.19084091,-0.059797354,0.08736725,-0.09912467,0.004830002,-0.116048,0.13901633,-0.17418657,0.08740606,0.07679721,-0.113568954,0.012528997,0.0327863,-0.15658629,48.0,48.0,LPS_stimulation,donor_A,False
65,scrna,-0.030444965,-0.048217274,0.03832874,0.02754843,-0.10198543,-0.057460535,0.08795782,-0.049752306,0.28988904,0.034153633,-0.070049144,-0.037354328,0.056412086,0.14403015,-0.047388457,0.044726275,0.02638875,0.12285781,-0.009557455,-0.026286952,-0.18176922,0.12135091,0.11806615,0.012203186,-0.011516836,0.07398521,-0.12315526,0.04822916,0.26692215,0.031819534,-0.08634584,0.18871483,0.0,0.0,LPS_stimulation,donor_A,False
66,scrna,-0.02656934,-0.08531062,-0.08386759,0.14170662,0.15179,-0.07927258,-0.0273105,-0.2467652,0.17449313,0.10355794,0.0980212,-0.012282615,0.15261358,-0.12191959,0.044388637,-0.032477845,0.023517508,-0.16209385,-0.0069709574,-0.00022026538,-0.15828793,-0.06500805,0.2653547,0.037180346,-0.03110286,-0.013579008,-0.06766083,-0.1100998,-0.07682405,-0.00066696154,-0.08110752,0.091084935,6.0,6.0,LPS_stimulation,donor_A,False
67,scrna,0.012149991,-0.0025863815,0.114569016,-0.22656715,-0.03207635,-0.12679136,-0.0958431,-0.036476925,0.008727504,-0.008866773,-0.0129146315,0.06841758,0.032065198,-0.14334677,-0.0326008,-0.0694299,0.07128727,-0.008422503,-0.033091515,0.006044495,-0.052838087,0.11079938,-0.003750369,-0.16339359,-0.089018285,0.06644933,-0.026290303,-0.012745229,0.15065049,-0.059543118,-0.07181513,0.14083333,12.0,12.0,LPS_stimulation,donor_A,False
68,scrna,-0.01787105,-0.09992936,0.11710358,0.042371873,0.09990654,-0.08529633,0.16063729,0.06294975,0.046624627,0.077570684,0.055662457,0.106063426,0.2027988,-0.18617861,-0.02565205,0.06650606,-0.12257328,0.13972594,0.085718356,-0.012997899,0.10747066,-0.060291886,-0.058762427,-0.19983764,0.032501437,-0.07636827,0.0423451,-0.024219954,0.023956146,0.09508929,-0.06133126,0.09060268,24.0,24.0,LPS_stimulation,donor_B,False
69,scrna,-0.07065245,-0.31013867,-0.078540236,-0.037605118,0.051737167,-0.03342285,0.18941641,-0.028053977,-0.07092167,0.18899558,-0.04022776,0.010148456,0.0143461935,-0.19746202,0.061598334,0.1267059,0.26031202,0.004493338,-0.19084091,-0.059797354,0.08736725,-0.09912467,0.004830002,-0.116048,0.13901633,-0.17418657,0.08740606,0.07679721,-0.113568954,0.012528997,0.0327863,-0.15658629,48.0,48.0,LPS_stimulation,donor_B,False
70,scrna,-0.030444965,-0.048217274,0.03832874,0.02754843,-0.10198543,-0.057460535,0.08795782,-0.049752306,0.28988904,0.034153633,-0.070049144,-0.037354328,0.056412086,0.14403015,-0.047388457,0.044726275,0.02638875,0.12285781,-0.009557455,-0.026286952,-0.18176922,0.12135091,0.11806615,0.012203186,-0.011516836,0.07398521,-0.12315526,0.04822916,0.26692215,0.031819534,-0.08634584,0.18871483,0.0,0.0,LPS_stimulation,donor_A,False
71,scrna,-0.02656934,-0.08531062,-0.08386759,0.14170662,0.15179,-0.07927258,-0.0273105,-0.2467652,0.17449313,0.10355794,0.0980212,-0.012282615,0.15261358,-0.12191959,0.044388637,-0.032477845,0.023517508,-0.16209385,-0.0069709574,-0.00022026538,-0.15828793,-0.06500805,0.2653547,0.037180346,-0.03110286,-0.013579008,-0.06766083,-0.1100998,-0.07682405,-0.00066696154,-0.08110752,0.091084935,6.0,6.0,LPS_stimulation,donor_A,False
72,scrna,0.012149991,-0.0025863815,0.114569016,-0.22656715,-0.03207635,-0.12679136,-0.0958431,-0.036476925,0.008727504,-0.008866773,-0.0129146315,0.06841758,0.032065198,-0.14334677,-0.0326008,-0.0694299,0.07128727,-0.008422503,-0.033091515,0.006044495,-0.052838087,0.11079938,-0.003750369,-0.16339359,-0.089018285,0.06644933,-0.026290303,-0.012745229,0.15065049,-0.059543118,-0.07181513,0.14083333,12.0,12.0,LPS_stimulation,donor_A,False
73,scrna,-0.01787105,-0.09992936,0.11710358,0.042371873,0.09990654,-0.08529633,0.16063729,0.06294975,0.046624627,0.077570684,0.055662457,0.106063426,0.2027988,-0.18617861,-0.02565205,0.06650606,-0.12257328,0.13972594,0.085718356,-0.012997899,0.10747066,-0.060291886,-0.058762427,-0.19983764,0.032501437,-0.07636827,0.0423451,-0.024219954,0.023956146,0.09508929,-0.06133126,0.09060268,24.0,24.0,LPS_stimulation,donor_B,False
74,scrna,-0.07065245,-0.31013867,-0.078540236,-0.037605118,0.051737167,-0.03342285,0.18941641,-0.028053977,-0.07092167,0.18899558,-0.04022776,0.010148456,0.0143461935,-0.19746202,0.061598334,0.1267059,0.26031202,0.004493338,-0.19084091,-0.059797354,0.08736725,-0.09912467,0.004830002,-0.116048,0.13901633,-0.17418657,0.08740606,0.07679721,-0.113568954,0.012528997,0.0327863,-0.15658629,48.0,48.0,LPS_stimulation,donor_B,False
75,scrna,-0.030444965,-0.048217274,0.03832874,0.02754843,-0.10198543,-0.057460535,0.08795782,-0.049752306,0.28988904,0.034153633,-0.070049144,-0.037354328,0.056412086,0.14403015,-0.047388457,0.044726275,0.02638875,0.12285781,-0.009557455,-0.026286952,-0.18176922,0.12135091,0.11806615,0.012203186,-0.011516836,0.07398521,-0.12315526,0.04822916,0.26692215,0.031819534,-0.08634584,0.18871483,0.0,0.0,LPS_stimulation,donor_B,False
76,scrna,-0.02656934,-0.08531062,-0.08386759,0.14170662,0.15179,-0.07927258,-0.0273105,-0.2467652,0.17449313,0.10355794,0.0980212,-0.012282615,0.15261358,-0.12191959,0.044388637,-0.032477845,0.023517508,-0.16209385,-0.0069709574,-0.00022026538,-0.15828793,-0.06500805,0.2653547,0.037180346,-0.03110286,-0.013579008,-0.06766083,-0.1100998,-0.07682405,-0.00066696154,-0.08110752,0.091084935,6.0,6.0,LPS_stimulation,donor_A,False
77,scrna,0.012149991,-0.0025863815,0.114569016,-0.22656715,-0.03207635,-0.12679136,-0.0958431,-0.036476925,0.008727504,-0.008866773,-0.0129146315,0.06841758,0.032065198,-0.14334677,-0.0326008,-0.0694299,0.07128727,-0.008422503,-0.033091515,0.006044495,-0.052838087,0.11079938,-0.003750369,-0.16339359,-0.089018285,0.06644933,-0.026290303,-0.012745229,0.15065049,-0.059543118,-0.07181513,0.14083333,12.0,12.0,LPS_stimulation,donor_B,False
78,scrna,-0.01787105,-0.09992936,0.11710358,0.042371873,0.09990654,-0.08529633,0.16063729,0.06294975,0.046624627,0.077570684,0.055662457,0.106063426,0.2027988,-0.18617861,-0.02565205,0.06650606,-0.12257328,0.13972594,0.085718356,-0.012997899,0.10747066,-0.060291886,-0.058762427,-0.19983764,0.032501437,-0.07636827,0.0423451,-0.024219954,0.023956146,0.09508929,-0.06133126,0.09060268,24.0,24.0,LPS_stimulation,donor_B,False
79,scrna,-0.07065245,-0.31013867,-0.078540236,-0.037605118,0.051737167,-0.03342285,0.18941641,-0.028053977,-0.07092167,0.18899558,-0.04022776,0.010148456,0.0143461935,-0.19746202,0.061598334,0.1267059,0.26031202,0.004493338,-0.19084091,-0.059797354,0.08736725,-0.09912467,0.004830002,-0.116048,0.13901633,-0.17418657,0.08740606,0.07679721,-0.113568954,0.012528997,0.0327863,-0.15658629,48.0,48.0,LPS_stimulation,donor_B,False
80,scrna,-0.030444965,-0.048217274,0.03832874,0.02754843,-0.10198543,-0.057460535,0.08795782,-0.049752306,0.28988904,0.034153633,-0.070049144,-0.037354328,0.056412086,0.14403015,-0.047388457,0.044726275,0.02638875,0.12285781,-0.009557455,-0.026286952,-0.18176922,0.12135091,0.11806615,0.012203186,-0.011516836,0.07398521,-0.12315526,0.04822916,0.26692215,0.031819534,-0.08634584,0.18871483,0.0,0.0,LPS_stimulation,donor_B,False
81,scrna,-0.02656934,-0.08531062,-0.08386759,0.14170662,0.15179,-0.07927258,-0.0273105,-0.2467652,0.17449313,0.10355794,0.0980212,-0.012282615,0.15261358,-0.12191959,0.044388637,-0.032477845,0.023517508,-0.16209385,-0.0069709574,-0.00022026538,-0.15828793,-0.06500805,0.2653547,0.037180346,-0.03110286,-0.013579008,-0.06766083,-0.1100998,-0.07682405,-0.00066696154,-0.08110752,0.091084935,6.0,6.0,LPS_stimulation,donor_B,False
82,scrna,0.012149991,-0.0025863815,0.114569016,-0.22656715,-0.03207635,-0.12679136,-0.0958431,-0.036476925,0.008727504,-0.008866773,-0.0129146315,0.06841758,0.032065198,-0.14334677,-0.0326008,-0.0694299,0.07128727,-0.008422503,-0.033091515,0.006044495,-0.052838087,0.11079938,-0.003750369,-0.16339359,-0.089018285,0.06644933,-0.026290303,-0.012745229,0.15065049,-0.059543118,-0.07181513,0.14083333,12.0,12.0,LPS_stimulation,donor_B,False
83,scrna,-0.01787105,-0.09992936,0.11710358,0.042371873,0.09990654,-0.08529633,0.16063729,0.06294975,0.046624627,0.077570684,0.055662457,0.106063426,0.2027988,-0.18617861,-0.02565205,0.06650606,-0.12257328,0.13972594,0.085718356,-0.012997899,0.10747066,-0.060291886,-0.058762427,-0.19983764,0.032501437,-0.07636827,0.0423451,-0.024219954,0.023956146,0.09508929,-0.06133126,0.09060268,24.0,24.0,LPS_stimulation,donor_A,False
84,scrna,-0.07065245,-0.31013867,-0.078540236,-0.037605118,0.051737167,-0.03342285,0.18941641,-0.028053977,-0.07092167,0.18899558,-0.04022776,0.010148456,0.0143461935,-0.19746202,0.061598334,0.1267059,0.26031202,0.004493338,-0.19084091,-0.059797354,0.08736725,-0.09912467,0.004830002,-0.116048,0.13901633,-0.17418657,0.08740606,0.07679721,-0.113568954,0.012528997,0.0327863,-0.15658629,48.0,48.0,LPS_stimulation,donor_B,False
85,scrna,-0.030444965,-0.048217274,0.03832874,0.02754843,-0.10198543,-0.057460535,0.08795782,-0.049752306,0.28988904,0.034153633,-0.070049144,-0.037354328,0.056412086,0.14403015,-0.047388457,0.044726275,0.02638875,0.12285781,-0.009557455,-0.026286952,-0.18176922,0.12135091,0.11806615,0.012203186,-0.011516836,0.07398521,-0.12315526,0.04822916,0.26692215,0.031819534,-0.08634584,0.18871483,0.0,0.0,LPS_stimulation,donor_B,False
86,scrna,-0.02656934,-0.08531062,-0.08386759,0.14170662,0.15179,-0.07927258,-0.0273105,-0.2467652,0.17449313,0.10355794,0.0980212,-0.012282615,0.15261358,-0.12191959,0.044388637,-0.032477845,0.023517508,-0.16209385,-0.0069709574,-0.00022026538,-0.15828793,-0.06500805,0.2653547,0.037180346,-0.03110286,-0.013579008,-0.06766083,-0.1100998,-0.07682405,-0.00066696154,-0.08110752,0.091084935,6.0,6.0,LPS_stimulation,donor_B,False
87,scrna,0.012149991,-0.0025863815,0.114569016,-0.22656715,-0.03207635,-0.12679136,-0.0958431,-0.036476925,0.008727504,-0.008866773,-0.0129146315,0.06841758,0.032065198,-0.14334677,-0.0326008,-0.0694299,0.07128727,-0.008422503,-0.033091515,0.006044495,-0.052838087,0.11079938,-0.003750369,-0.16339359,-0.089018285,0.06644933,-0.026290303,-0.012745229,0.15065049,-0.059543118,-0.07181513,0.14083333,12.0,12.0,LPS_stimulation,donor_B,False
88,scrna,-0.01787105,-0.09992936,0.11710358,0.042371873,0.09990654,-0.08529633,0.16063729,0.06294975,0.046624627,0.077570684,0.055662457,0.106063426,0.2027988,-0.18617861,-0.02565205,0.06650606,-0.12257328,0.13972594,0.085718356,-0.012997899,0.10747066,-0.060291886,-0.058762427,-0.19983764,0.032501437,-0.07636827,0.0423451,-0.024219954,0.023956146,0.09508929,-0.06133126,0.09060268,24.0,24.0,LPS_stimulation,donor_A,False
89,scrna,-0.07065245,-0.31013867,-0.078540236,-0.037605118,0.051737167,-0.03342285,0.18941641,-0.028053977,-0.07092167,0.18899558,-0.04022776,0.010148456,0.0143461935,-0.19746202,0.061598334,0.1267059,0.26031202,0.004493338,-0.19084091,-0.059797354,0.08736725,-0.09912467,0.004830002,-0.116048,0.13901633,-0.17418657,0.08740606,0.07679721,-0.113568954,0.012528997,0.0327863,-0.15658629,48.0,48.0,LPS_stimulation,donor_B,False
90,scrna,-0.030444965,-0.048217274,0.03832874,0.02754843,-0.10198543,-0.057460535,0.08795782,-0.049752306,0.28988904,0.034153633,-0.070049144,-0.037354328,0.056412086,0.14403015,-0.047388457,0.044726275,0.02638875,0.12285781,-0.009557455,-0.026286952,-0.18176922,0.12135091,0.11806615,0.012203186,-0.011516836,0.07398521,-0.12315526,0.04822916,0.26692215,0.031819534,-0.08634584,0.18871483,0.0,0.0,LPS_stimulation,donor_A,False
91,scrna,-0.02656934,-0.08531062,-0.08386759,0.14170662,0.15179,-0.07927258,-0.0273105,-0.2467652,0.17449313,0.10355794,0.0980212,-0.012282615,0.15261358,-0.12191959,0.044388637,-0.032477845,0.023517508,-0.16209385,-0.0069709574,-0.00022026538,-0.15828793,-0.06500805,0.2653547,0.037180346,-0.03110286,-0.013579008,-0.06766083,-0.1100998,-0.07682405,-0.00066696154,-0.08110752,0.091084935,6.0,6.0,LPS_stimulation,donor_A,False
92,scrna,0.012149991,-0.0025863815,0.114569016,-0.22656715,-0.03207635,-0.12679136,-0.0958431,-0.036476925,0.008727504,-0.008866773,-0.0129146315,0.06841758,0.032065198,-0.14334677,-0.0326008,-0.0694299,0.07128727,-0.008422503,-0.033091515,0.006044495,-0.052838087,0.11079938,-0.003750369,-0.16339359,-0.089018285,0.06644933,-0.026290303,-0.012745229,0.15065049,-0.059543118,-0.07181513,0.14083333,12.0,12.0,LPS_stimulation,donor_A,False
93,scrna,-0.01787105,-0.09992936,0.11710358,0.042371873,0.09990654,-0.08529633,0.16063729,0.06294975,0.046624627,0.077570684,0.055662457,0.106063426,0.2027988,-0.18617861,-0.02565205,0.06650606,-0.12257328,0.13972594,0.085718356,-0.012997899,0.10747066,-0.060291886,-0.058762427,-0.19983764,0.032501437,-0.07636827,0.0423451,-0.024219954,0.023956146,0.09508929,-0.06133126,0.09060268,24.0,24.0,LPS_stimulation,donor_B,False
94,scrna,-0.07065245,-0.31013867,-0.078540236,-0.037605118,0.051737167,-0.03342285,0.18941641,-0.028053977,-0.07092167,0.18899558,-0.04022776,0.010148456,0.0143461935,-0.19746202,0.061598334,0.1267059,0.26031202,0.004493338,-0.19084091,-0.059797354,0.08736725,-0.09912467,0.004830002,-0.116048,0.13901633,-0.17418657,0.08740606,0.07679721,-0.113568954,0.012528997,0.0327863,-0.15658629,48.0,48.0,LPS_stimulation,donor_A,False
95,scrna,-0.030444965,-0.048217274,0.03832874,0.02754843,-0.10198543,-0.057460535,0.08795782,-0.049752306,0.28988904,0.034153633,-0.070049144,-0.037354328,0.056412086,0.14403015,-0.047388457,0.044726275,0.02638875,0.12285781,-0.009557455,-0.026286952,-0.18176922,0.12135091,0.11806615,0.012203186,-0.011516836,0.07398521,-0.12315526,0.04822916,0.26692215,0.031819534,-0.08634584,0.18871483,0.0,0.0,LPS_stimulation,donor_A,False
96,scrna,-0.02656934,-0.08531062,-0.08386759,0.14170662,0.15179,-0.07927258,-0.0273105,-0.2467652,0.17449313,0.10355794,0.0980212,-0.012282615,0.15261358,-0.12191959,0.044388637,-0.032477845,0.023517508,-0.16209385,-0.0069709574,-0.00022026538,-0.15828793,-0.06500805,0.2653547,0.037180346,-0.03110286,-0.013579008,-0.06766083,-0.1100998,-0.07682405,-0.00066696154,-0.08110752,0.091084935,6.0,6.0,LPS_stimulation,donor_A,False
97,scrna,0.012149991,-0.0025863815,0.114569016,-0.22656715,-0.03207635,-0.12679136,-0.0958431,-0.036476925,0.008727504,-0.008866773,-0.0129146315,0.06841758,0.032065198,-0.14334677,-0.0326008,-0.0694299,0.07128727,-0.008422503,-0.033091515,0.006044495,-0.052838087,0.11079938,-0.003750369,-0.16339359,-0.089018285,0.06644933,-0.026290303,-0.012745229,0.15065049,-0.059543118,-0.07181513,0.14083333,12.0,12.0,LPS_stimulation,donor_A,False
98,scrna,-0.01787105,-0.09992936,0.11710358,0.042371873,0.09990654,-0.08529633,0.16063729,0.06294975,0.046624627,0.077570684,0.055662457,0.106063426,0.2027988,-0.18617861,-0.02565205,0.06650606,-0.12257328,0.13972594,0.085718356,-0.012997899,0.10747066,-0.060291886,-0.058762427,-0.19983764,0.032501437,-0.07636827,0.0423451,-0.024219954,0.023956146,0.09508929,-0.06133126,0.09060268,24.0,24.0,LPS_stimulation,donor_B,False
99,scrna,-0.07065245,-0.31013867,-0.078540236,-0.037605118,0.051737167,-0.03342285,0.18941641,-0.028053977,-0.07092167,0.18899558,-0.04022776,0.010148456,0.0143461935,-0.19746202,0.061598334,0.1267059,0.26031202,0.004493338,-0.19084091,-0.059797354,0.08736725,-0.09912467,0.004830002,-0.116048,0.13901633,-0.17418657,0.08740606,0.07679721,-0.113568954,0.012528997,0.0327863,-0.15658629,48.0,48.0,LPS_stimulation,donor_B,False
100,scrna,-0.030444965,-0.048217274,0.03832874,0.02754843,-0.10198543,-0.057460535,0.08795782,-0.049752306,0.28988904,0.034153633,-0.070049144,-0.037354328,0.056412086,0.14403015,-0.047388457,0.044726275,0.02638875,0.12285781,-0.009557455,-0.026286952,-0.18176922,0.12135091,0.11806615,0.012203186,-0.011516836,0.07398521,-0.12315526,0.04822916,0.26692215,0.031819534,-0.08634584,0.18871483,0.0,0.0,LPS_stimulation,donor_B,False
101,scrna,-0.02656934,-0.08531062,-0.08386759,0.14170662,0.15179,-0.07927258,-0.0273105,-0.2467652,0.17449313,0.10355794,0.0980212,-0.012282615,0.15261358,-0.12191959,0.044388637,-0.032477845,0.023517508,-0.16209385,-0.0069709574,-0.00022026538,-0.15828793,-0.06500805,0.2653547,0.037180346,-0.03110286,-0.013579008,-0.06766083,-0.1100998,-0.07682405,-0.00066696154,-0.08110752,0.091084935,6.0,6.0,LPS_stimulation,donor_A,False
102,scrna,0.012149991,-0.0025863815,0.114569016,-0.22656715,-0.03207635,-0.12679136,-0.0958431,-0.036476925,0.008727504,-0.008866773,-0.0129146315,0.06841758,0.032065198,-0.14334677,-0.0326008,-0.0694299,0.07128727,-0.008422503,-0.033091515,0.006044495,-0.052838087,0.11079938,-0.003750369,-0.16339359,-0.089018285,0.06644933,-0.026290303,-0.012745229,0.15065049,-0.059543118,-0.07181513,0.14083333,12.0,12.0,LPS_stimulation,donor_A,False
103,scrna,-0.01787105,-0.09992936,0.11710358,0.042371873,0.09990654,-0.08529633,0.16063729,0.06294975,0.046624627,0.077570684,0.055662457,0.106063426,0.2027988,-0.18617861,-0.02565205,0.06650606,-0.12257328,0.13972594,0.085718356,-0.012997899,0.10747066,-0.060291886,-0.058762427,-0.19983764,0.032501437,-0.07636827,0.0423451,-0.024219954,0.023956146,0.09508929,-0.06133126,0.09060268,24.0,24.0,LPS_stimulation,donor_B,False
104,scrna,-0.07065245,-0.31013867,-0.078540236,-0.037605118,0.051737167,-0.03342285,0.18941641,-0.028053977,-0.07092167,0.18899558,-0.04022776,0.010148456,0.0143461935,-0.19746202,0.061598334,0.1267059,0.26031202,0.004493338,-0.19084091,-0.059797354,0.08736725,-0.09912467,0.004830002,-0.116048,0.13901633,-0.17418657,0.08740606,0.07679721,-0.113568954,0.012528997,0.0327863,-0.15658629,48.0,48.0,LPS_stimulation,donor_B,False
105,scrna,-0.030444965,-0.048217274,0.03832874,0.02754843,-0.10198543,-0.057460535,0.08795782,-0.049752306,0.28988904,0.034153633,-0.070049144,-0.037354328,0.056412086,0.14403015,-0.047388457,0.044726275,0.02638875,0.12285781,-0.009557455,-0.026286952,-0.18176922,0.12135091,0.11806615,0.012203186,-0.011516836,0.07398521,-0.12315526,0.04822916,0.26692215,0.031819534,-0.08634584,0.18871483,0.0,0.0,LPS_stimulation,donor_B,False
106,scrna,-0.02656934,-0.08531062,-0.08386759,0.14170662,0.15179,-0.07927258,-0.0273105,-0.2467652,0.17449313,0.10355794,0.0980212,-0.012282615,0.15261358,-0.12191959,0.044388637,-0.032477845,0.023517508,-0.16209385,-0.0069709574,-0.00022026538,-0.15828793,-0.06500805,0.2653547,0.037180346,-0.03110286,-0.013579008,-0.06766083,-0.1100998,-0.07682405,-0.00066696154,-0.08110752,0.091084935,6.0,6.0,LPS_stimulation,donor_B,False
107,scrna,0.012149991,-0.0025863815,0.114569016,-0.22656715,-0.03207635,-0.12679136,-0.0958431,-0.036476925,0.008727504,-0.008866773,-0.0129146315,0.06841758,0.032065198,-0.14334677,-0.0326008,-0.0694299,0.07128727,-0.008422503,-0.033091515,0.006044495,-0.052838087,0.11079938,-0.003750369,-0.16339359,-0.089018285,0.06644933,-0.026290303,-0.012745229,0.15065049,-0.059543118,-0.07181513,0.14083333,12.0,12.0,LPS_stimulation,donor_A,False
108,scrna,-0.01787105,-0.09992936,0.11710358,0.042371873,0.09990654,-0.08529633,0.16063729,0.06294975,0.046624627,0.077570684,0.055662457,0.106063426,0.2027988,-0.18617861,-0.02565205,0.06650606,-0.12257328,0.13972594,0.085718356,-0.012997899,0.10747066,-0.060291886,-0.058762427,-0.19983764,0.032501437,-0.07636827,0.0423451,-0.024219954,0.023956146,0.09508929,-0.06133126,0.09060268,24.0,24.0,LPS_stimulation,donor_B,False
109,scrna,-0.07065245,-0.31013867,-0.078540236,-0.037605118,0.051737167,-0.03342285,0.18941641,-0.028053977,-0.07092167,0.18899558,-0.04022776,0.010148456,0.0143461935,-0.19746202,0.061598334,0.1267059,0.26031202,0.004493338,-0.19084091,-0.059797354,0.08736725,-0.09912467,0.004830002,-0.116048,0.13901633,-0.17418657,0.08740606,0.07679721,-0.113568954,0.012528997,0.0327863,-0.15658629,48.0,48.0,LPS_stimulation,donor_A,False
110,scrna,-0.030444965,-0.048217274,0.03832874,0.02754843,-0.10198543,-0.057460535,0.08795782,-0.049752306,0.28988904,0.034153633,-0.070049144,-0.037354328,0.056412086,0.14403015,-0.047388457,0.044726275,0.02638875,0.12285781,-0.009557455,-0.026286952,-0.18176922,0.12135091,0.11806615,0.012203186,-0.011516836,0.07398521,-0.12315526,0.04822916,0.26692215,0.031819534,-0.08634584,0.18871483,0.0,0.0,LPS_stimulation,donor_B,False
111,scrna,-0.02656934,-0.08531062,-0.08386759,0.14170662,0.15179,-0.07927258,-0.0273105,-0.2467652,0.17449313,0.10355794,0.0980212,-0.012282615,0.15261358,-0.12191959,0.044388637,-0.032477845,0.023517508,-0.16209385,-0.0069709574,-0.00022026538,-0.15828793,-0.06500805,0.2653547,0.037180346,-0.03110286,-0.013579008,-0.06766083,-0.1100998,-0.07682405,-0.00066696154,-0.08110752,0.091084935,6.0,6.0,LPS_stimulation,donor_A,False
112,scrna,0.012149991,-0.0025863815,0.114569016,-0.22656715,-0.03207635,-0.12679136,-0.0958431,-0.036476925,0.008727504,-0.008866773,-0.0129146315,0.06841758,0.032065198,-0.14334677,-0.0326008,-0.0694299,0.07128727,-0.008422503,-0.033091515,0.006044495,-0.052838087,0.11079938,-0.003750369,-0.16339359,-0.089018285,0.06644933,-0.026290303,-0.012745229,0.15065049,-0.059543118,-0.07181513,0.14083333,12.0,12.0,LPS_stimulation,donor_A,False
113,scrna,-0.01787105,-0.09992936,0.11710358,0.042371873,0.09990654,-0.08529633,0.16063729,0.06294975,0.046624627,0.077570684,0.055662457,0.106063426,0.2027988,-0.18617861,-0.02565205,0.06650606,-0.12257328,0.13972594,0.085718356,-0.012997899,0.10747066,-0.060291886,-0.058762427,-0.19983764,0.032501437,-0.07636827,0.0423451,-0.024219954,0.023956146,0.09508929,-0.06133126,0.09060268,24.0,24.0,LPS_stimulation,donor_A,False
114,scrna,-0.07065245,-0.31013867,-0.078540236,-0.037605118,0.051737167,-0.03342285,0.18941641,-0.028053977,-0.07092167,0.18899558,-0.04022776,0.010148456,0.0143461935,-0.19746202,0.061598334,0.1267059,0.26031202,0.004493338,-0.19084091,-0.059797354,0.08736725,-0.09912467,0.004830002,-0.116048,0.13901633,-0.17418657,0.08740606,0.07679721,-0.113568954,0.012528997,0.0327863,-0.15658629,48.0,48.0,LPS_stimulation,donor_A,False
115,scrna,-0.030444965,-0.048217274,0.03832874,0.02754843,-0.10198543,-0.057460535,0.08795782,-0.049752306,0.28988904,0.034153633,-0.070049144,-0.037354328,0.056412086,0.14403015,-0.047388457,0.044726275,0.02638875,0.12285781,-0.009557455,-0.026286952,-0.18176922,0.12135091,0.11806615,0.012203186,-0.011516836,0.07398521,-0.12315526,0.04822916,0.26692215,0.031819534,-0.08634584,0.18871483,0.0,0.0,LPS_stimulation,donor_B,False
116,scrna,-0.02656934,-0.08531062,-0.08386759,0.14170662,0.15179,-0.07927258,-0.0273105,-0.2467652,0.17449313,0.10355794,0.0980212,-0.012282615,0.15261358,-0.12191959,0.044388637,-0.032477845,0.023517508,-0.16209385,-0.0069709574,-0.00022026538,-0.15828793,-0.06500805,0.2653547,0.037180346,-0.03110286,-0.013579008,-0.06766083,-0.1100998,-0.07682405,-0.00066696154,-0.08110752,0.091084935,6.0,6.0,LPS_stimulation,donor_A,False
117,scrna,0.012149991,-0.0025863815,0.114569016,-0.22656715,-0.03207635,-0.12679136,-0.0958431,-0.036476925,0.008727504,-0.008866773,-0.0129146315,0.06841758,0.032065198,-0.14334677,-0.0326008,-0.0694299,0.07128727,-0.008422503,-0.033091515,0.006044495,-0.052838087,0.11079938,-0.003750369,-0.16339359,-0.089018285,0.06644933,-0.026290303,-0.012745229,0.15065049,-0.059543118,-0.07181513,0.14083333,12.0,12.0,LPS_stimulation,donor_B,False
118,scrna,-0.01787105,-0.09992936,0.11710358,0.042371873,0.09990654,-0.08529633,0.16063729,0.06294975,0.046624627,0.077570684,0.055662457,0.106063426,0.2027988,-0.18617861,-0.02565205,0.06650606,-0.12257328,0.13972594,0.085718356,-0.012997899,0.10747066,-0.060291886,-0.058762427,-0.19983764,0.032501437,-0.07636827,0.0423451,-0.024219954,0.023956146,0.09508929,-0.06133126,0.09060268,24.0,24.0,LPS_stimulation,donor_A,False
119,scrna,-0.07065245,-0.31013867,-0.078540236,-0.037605118,0.051737167,-0.03342285,0.18941641,-0.028053977,-0.07092167,0.18899558,-0.04022776,0.010148456,0.0143461935,-0.19746202,0.061598334,0.1267059,0.26031202,0.004493338,-0.19084091,-0.059797354,0.08736725,-0.09912467,0.004830002,-0.116048,0.13901633,-0.17418657,0.08740606,0.07679721,-0.113568954,0.012528997,0.0327863,-0.15658629,48.0,48.0,LPS_stimulation,donor_A,False
120,scrna,-0.030444965,-0.048217274,0.03832874,0.02754843,-0.10198543,-0.057460535,0.08795782,-0.049752306,0.28988904,0.034153633,-0.070049144,-0.037354328,0.056412086,0.14403015,-0.047388457,0.044726275,0.02638875,0.12285781,-0.009557455,-0.026286952,-0.18176922,0.12135091,0.11806615,0.012203186,-0.011516836,0.07398521,-0.12315526,0.04822916,0.26692215,0.031819534,-0.08634584,0.18871483,0.0,0.0,LPS_stimulation,donor_A,False
121,scrna,-0.02656934,-0.08531062,-0.08386759,0.14170662,0.15179,-0.07927258,-0.0273105,-0.2467652,0.17449313,0.10355794,0.0980212,-0.012282615,0.15261358,-0.12191959,0.044388637,-0.032477845,0.023517508,-0.16209385,-0.0069709574,-0.00022026538,-0.15828793,-0.06500805,0.2653547,0.037180346,-0.03110286,-0.013579008,-0.06766083,-0.1100998,-0.07682405,-0.00066696154,-0.08110752,0.091084935,6.0,6.0,LPS_stimulation,donor_B,False
122,scrna,0.012149991,-0.0025863815,0.114569016,-0.22656715,-0.03207635,-0.12679136,-0.0958431,-0.036476925,0.008727504,-0.008866773,-0.0129146315,0.06841758,0.032065198,-0.14334677,-0.0326008,-0.0694299,0.07128727,-0.008422503,-0.033091515,0.006044495,-0.052838087,0.11079938,-0.003750369,-0.16339359,-0.089018285,0.06644933,-0.026290303,-0.012745229,0.15065049,-0.059543118,-0.07181513,0.14083333,12.0,12.0,LPS_stimulation,donor_B,False
123,scrna,-0.01787105,-0.09992936,0.11710358,0.042371873,0.09990654,-0.08529633,0.16063729,0.06294975,0.046624627,0.077570684,0.055662457,0.106063426,0.2027988,-0.18617861,-0.02565205,0.06650606,-0.12257328,0.13972594,0.085718356,-0.012997899,0.10747066,-0.060291886,-0.058762427,-0.19983764,0.032501437,-0.07636827,0.0423451,-0.024219954,0.023956146,0.09508929,-0.06133126,0.09060268,24.0,24.0,LPS_stimulation,donor_A,False
124,scrna,-0.07065245,-0.31013867,-0.078540236,-0.037605118,0.051737167,-0.03342285,0.18941641,-0.028053977,-0.07092167,0.18899558,-0.04022776,0.010148456,0.0143461935,-0.19746202,0.061598334,0.1267059,0.26031202,0.004493338,-0.19084091,-0.059797354,0.08736725,-0.09912467,0.004830002,-0.116048,0.13901633,-0.17418657,0.08740606,0.07679721,-0.113568954,0.012528997,0.0327863,-0.15658629,48.0,48.0,LPS_stimulation,donor_B,False
125,scrna,-0.030444965,-0.048217274,0.03832874,0.02754843,-0.10198543,-0.057460535,0.08795782,-0.049752306,0.28988904,0.034153633,-0.070049144,-0.037354328,0.056412086,0.14403015,-0.047388457,0.044726275,0.02638875,0.12285781,-0.009557455,-0.026286952,-0.18176922,0.12135091,0.11806615,0.012203186,-0.011516836,0.07398521,-0.12315526,0.04822916,0.26692215,0.031819534,-0.08634584,0.18871483,0.0,0.0,LPS_stimulation,donor_B,False
126,scrna,-0.02656934,-0.08531062,-0.08386759,0.14170662,0.15179,-0.07927258,-0.0273105,-0.2467652,0.17449313,0.10355794,0.0980212,-0.012282615,0.15261358,-0.12191959,0.044388637,-0.032477845,0.023517508,-0.16209385,-0.0069709574,-0.00022026538,-0.15828793,-0.06500805,0.2653547,0.037180346,-0.03110286,-0.013579008,-0.06766083,-0.1100998,-0.07682405,-0.00066696154,-0.08110752,0.091084935,6.0,6.0,LPS_stimulation,donor_B,False
127,scrna,0.012149991,-0.0025863815,0.114569016,-0.22656715,-0.03207635,-0.12679136,-0.0958431,-0.036476925,0.008727504,-0.008866773,-0.0129146315,0.06841758,0.032065198,-0.14334677,-0.0326008,-0.0694299,0.07128727,-0.008422503,-0.033091515,0.006044495,-0.052838087,0.11079938,-0.003750369,-0.16339359,-0.089018285,0.06644933,-0.026290303,-0.012745229,0.15065049,-0.059543118,-0.07181513,0.14083333,12.0,12.0,LPS_stimulation,donor_A,False
128,scrna,-0.01787105,-0.09992936,0.11710358,0.042371873,0.09990654,-0.08529633,0.16063729,0.06294975,0.046624627,0.077570684,0.055662457,0.106063426,0.2027988,-0.18617861,-0.02565205,0.06650606,-0.12257328,0.13972594,0.085718356,-0.012997899,0.10747066,-0.060291886,-0.058762427,-0.19983764,0.032501437,-0.07636827,0.0423451,-0.024219954,0.023956146,0.09508929,-0.06133126,0.09060268,24.0,24.0,LPS_stimulation,donor_A,False
129,scrna,-0.07065245,-0.31013867,-0.078540236,-0.037605118,0.051737167,-0.03342285,0.18941641,-0.028053977,-0.07092167,0.18899558,-0.04022776,0.010148456,0.0143461935,-0.19746202,0.061598334,0.1267059,0.26031202,0.004493338,-0.19084091,-0.059797354,0.08736725,-0.09912467,0.004830002,-0.116048,0.13901633,-0.17418657,0.08740606,0.07679721,-0.113568954,0.012528997,0.0327863,-0.15658629,48.0,48.0,LPS_stimulation,donor_B,False
130,scrna,-0.030444965,-0.048217274,0.03832874,0.02754843,-0.10198543,-0.057460535,0.08795782,-0.049752306,0.28988904,0.034153633,-0.070049144,-0.037354328,0.056412086,0.14403015,-0.047388457,0.044726275,0.02638875,0.12285781,-0.009557455,-0.026286952,-0.18176922,0.12135091,0.11806615,0.012203186,-0.011516836,0.07398521,-0.12315526,0.04822916,0.26692215,0.031819534,-0.08634584,0.18871483,0.0,0.0,LPS_stimulation,donor_B,False
131,scrna,-0.02656934,-0.08531062,-0.08386759,0.14170662,0.15179,-0.07927258,-0.0273105,-0.2467652,0.17449313,0.10355794,0.0980212,-0.012282615,0.15261358,-0.12191959,0.044388637,-0.032477845,0.023517508,-0.16209385,-0.0069709574,-0.00022026538,-0.15828793,-0.06500805,0.2653547,0.037180346,-0.03110286,-0.013579008,-0.06766083,-0.1100998,-0.07682405,-0.00066696154,-0.08110752,0.091084935,6.0,6.0,LPS_stimulation,donor_B,False
132,scrna,0.012149991,-0.0025863815,0.114569016,-0.22656715,-0.03207635,-0.12679136,-0.0958431,-0.036476925,0.008727504,-0.008866773,-0.0129146315,0.06841758,0.032065198,-0.14334677,-0.0326008,-0.0694299,0.07128727,-0.008422503,-0.033091515,0.006044495,-0.052838087,0.11079938,-0.003750369,-0.16339359,-0.089018285,0.06644933,-0.026290303,-0.012745229,0.15065049,-0.059543118,-0.07181513,0.14083333,12.0,12.0,LPS_stimulation,donor_A,False
133,scrna,-0.01787105,-0.09992936,0.11710358,0.042371873,0.09990654,-0.08529633,0.16063729,0.06294975,0.046624627,0.077570684,0.055662457,0.106063426,0.2027988,-0.18617861,-0.02565205,0.06650606,-0.12257328,0.13972594,0.085718356,-0.012997899,0.10747066,-0.060291886,-0.058762427,-0.19983764,0.032501437,-0.07636827,0.0423451,-0.024219954,0.023956146,0.09508929,-0.06133126,0.09060268,24.0,24.0,LPS_stimulation,donor_A,False
134,scrna,-0.07065245,-0.31013867,-0.078540236,-0.037605118,0.051737167,-0.03342285,0.18941641,-0.028053977,-0.07092167,0.18899558,-0.04022776,0.010148456,0.0143461935,-0.19746202,0.061598334,0.1267059,0.26031202,0.004493338,-0.19084091,-0.059797354,0.08736725,-0.09912467,0.004830002,-0.116048,0.13901633,-0.17418657,0.08740606,0.07679721,-0.113568954,0.012528997,0.0327863,-0.15658629,48.0,48.0,LPS_stimulation,donor_B,False
135,scrna,-0.030444965,-0.048217274,0.03832874,0.02754843,-0.10198543,-0.057460535,0.08795782,-0.049752306,0.28988904,0.034153633,-0.070049144,-0.037354328,0.056412086,0.14403015,-0.047388457,0.044726275,0.02638875,0.12285781,-0.009557455,-0.026286952,-0.18176922,0.12135091,0.11806615,0.012203186,-0.011516836,0.07398521,-0.12315526,0.04822916,0.26692215,0.031819534,-0.08634584,0.18871483,0.0,0.0,LPS_stimulation,donor_B,False
136,scrna,-0.02656934,-0.08531062,-0.08386759,0.14170662,0.15179,-0.07927258,-0.0273105,-0.2467652,0.17449313,0.10355794,0.0980212,-0.012282615,0.15261358,-0.12191959,0.044388637,-0.032477845,0.023517508,-0.16209385,-0.0069709574,-0.00022026538,-0.15828793,-0.06500805,0.2653547,0.037180346,-0.03110286,-0.013579008,-0.06766083,-0.1100998,-0.07682405,-0.00066696154,-0.08110752,0.091084935,6.0,6.0,LPS_stimulation,donor_A,False
137,scrna,0.012149991,-0.0025863815,0.114569016,-0.22656715,-0.03207635,-0.12679136,-0.0958431,-0.036476925,0.008727504,-0.008866773,-0.0129146315,0.06841758,0.032065198,-0.14334677,-0.0326008,-0.0694299,0.07128727,-0.008422503,-0.033091515,0.006044495,-0.052838087,0.11079938,-0.003750369,-0.16339359,-0.089018285,0.06644933,-0.026290303,-0.012745229,0.15065049,-0.059543118,-0.07181513,0.14083333,12.0,12.0,LPS_stimulation,donor_A,False
138,scrna,-0.01787105,-0.09992936,0.11710358,0.042371873,0.09990654,-0.08529633,0.16063729,0.06294975,0.046624627,0.077570684,0.055662457,0.106063426,0.2027988,-0.18617861,-0.02565205,0.06650606,-0.12257328,0.13972594,0.085718356,-0.012997899,0.10747066,-0.060291886,-0.058762427,-0.19983764,0.032501437,-0.07636827,0.0423451,-0.024219954,0.023956146,0.09508929,-0.06133126,0.09060268,24.0,24.0,LPS_stimulation,donor_A,False
139,scrna,-0.07065245,-0.31013867,-0.078540236,-0.037605118,0.051737167,-0.03342285,0.18941641,-0.028053977,-0.07092167,0.18899558,-0.04022776,0.010148456,0.0143461935,-0.19746202,0.061598334,0.1267059,0.26031202,0.004493338,-0.19084091,-0.059797354,0.08736725,-0.09912467,0.004830002,-0.116048,0.13901633,-0.17418657,0.08740606,0.07679721,-0.113568954,0.012528997,0.0327863,-0.15658629,48.0,48.0,LPS_stimulation,donor_B,False
140,scrna,-0.030444965,-0.048217274,0.03832874,0.02754843,-0.10198543,-0.057460535,0.08795782,-0.049752306,0.28988904,0.034153633,-0.070049144,-0.037354328,0.056412086,0.14403015,-0.047388457,0.044726275,0.02638875,0.12285781,-0.009557455,-0.026286952,-0.18176922,0.12135091,0.11806615,0.012203186,-0.011516836,0.07398521,-0.12315526,0.04822916,0.26692215,0.031819534,-0.08634584,0.18871483,0.0,0.0,LPS_stimulation,donor_A,False
141,scrna,-0.02656934,-0.08531062,-0.08386759,0.14170662,0.15179,-0.07927258,-0.0273105,-0.2467652,0.17449313,0.10355794,0.0980212,-0.012282615,0.15261358,-0.12191959,0.044388637,-0.032477845,0.023517508,-0.16209385,-0.0069709574,-0.00022026538,-0.15828793,-0.06500805,0.2653547,0.037180346,-0.03110286,-0.013579008,-0.06766083,-0.1100998,-0.07682405,-0.00066696154,-0.08110752,0.091084935,6.0,6.0,LPS_stimulation,donor_B,False
142,scrna,0.012149991,-0.0025863815,0.114569016,-0.22656715,-0.03207635,-0.12679136,-0.0958431,-0.036476925,0.008727504,-0.008866773,-0.0129146315,0.06841758,0.032065198,-0.14334677,-0.0326008,-0.0694299,0.07128727,-0.008422503,-0.033091515,0.006044495,-0.052838087,0.11079938,-0.003750369,-0.16339359,-0.089018285,0.06644933,-0.026290303,-0.012745229,0.15065049,-0.059543118,-0.07181513,0.14083333,12.0,12.0,LPS_stimulation,donor_A,False
143,scrna,-0.01787105,-0.09992936,0.11710358,0.042371873,0.09990654,-0.08529633,0.16063729,0.06294975,0.046624627,0.077570684,0.055662457,0.106063426,0.2027988,-0.18617861,-0.02565205,0.06650606,-0.12257328,0.13972594,0.085718356,-0.012997899,0.10747066,-0.060291886,-0.058762427,-0.19983764,0.032501437,-0.07636827,0.0423451,-0.024219954,0.023956146,0.09508929,-0.06133126,0.09060268,24.0,24.0,LPS_stimulation,donor_A,False
144,scrna,-0.07065245,-0.31013867,-0.078540236,-0.037605118,0.051737167,-0.03342285,0.18941641,-0.028053977,-0.07092167,0.18899558,-0.04022776,0.010148456,0.0143461935,-0.19746202,0.061598334,0.1267059,0.26031202,0.004493338,-0.19084091,-0.059797354,0.08736725,-0.09912467,0.004830002,-0.116048,0.13901633,-0.17418657,0.08740606,0.07679721,-0.113568954,0.012528997,0.0327863,-0.15658629,48.0,48.0,LPS_stimulation,donor_A,False
145,scrna,-0.030444965,-0.048217274,0.03832874,0.02754843,-0.10198543,-0.057460535,0.08795782,-0.049752306,0.28988904,0.034153633,-0.070049144,-0.037354328,0.056412086,0.14403015,-0.047388457,0.044726275,0.02638875,0.12285781,-0.009557455,-0.026286952,-0.18176922,0.12135091,0.11806615,0.012203186,-0.011516836,0.07398521,-0.12315526,0.04822916,0.26692215,0.031819534,-0.08634584,0.18871483,0.0,0.0,LPS_stimulation,donor_B,False
146,scrna,-0.02656934,-0.08531062,-0.08386759,0.14170662,0.15179,-0.07927258,-0.0273105,-0.2467652,0.17449313,0.10355794,0.0980212,-0.012282615,0.15261358,-0.12191959,0.044388637,-0.032477845,0.023517508,-0.16209385,-0.0069709574,-0.00022026538,-0.15828793,-0.06500805,0.2653547,0.037180346,-0.03110286,-0.013579008,-0.06766083,-0.1100998,-0.07682405,-0.00066696154,-0.08110752,0.091084935,6.0,6.0,LPS_stimulation,donor_B,False
147,scrna,0.012149991,-0.0025863815,0.114569016,-0.22656715,-0.03207635,-0.12679136,-0.0958431,-0.036476925,0.008727504,-0.008866773,-0.0129146315,0.06841758,0.032065198,-0.14334677,-0.0326008,-0.0694299,0.07128727,-0.008422503,-0.033091515,0.006044495,-0.052838087,0.11079938,-0.003750369,-0.16339359,-0.089018285,0.06644933,-0.026290303,-0.012745229,0.15065049,-0.059543118,-0.07181513,0.14083333,12.0,12.0,LPS_stimulation,donor_A,False
148,scrna,-0.01787105,-0.09992936,0.11710358,0.042371873,0.09990654,-0.08529633,0.16063729,0.06294975,0.046624627,0.077570684,0.055662457,0.106063426,0.2027988,-0.18617861,-0.02565205,0.06650606,-0.12257328,0.13972594,0.085718356,-0.012997899,0.10747066,-0.060291886,-0.058762427,-0.19983764,0.032501437,-0.07636827,0.0423451,-0.024219954,0.023956146,0.09508929,-0.06133126,0.09060268,24.0,24.0,LPS_stimulation,donor_A,False
149,scrna,-0.07065245,-0.31013867,-0.078540236,-0.037605118,0.051737167,-0.03342285,0.18941641,-0.028053977,-0.07092167,0.18899558,-0.04022776,0.010148456,0.0143461935,-0.19746202,0.061598334,0.1267059,0.26031202,0.004493338,-0.19084091,-0.059797354,0.08736725,-0.09912467,0.004830002,-0.116048,0.13901633,-0.17418657,0.08740606,0.07679721,-0.113568954,0.012528997,0.0327863,-0.15658629,48.0,48.0,LPS_stimulation,donor_A,False
150,scrna,-0.030444965,-0.048217274,0.03832874,0.02754843,-0.10198543,-0.057460535,0.08795782,-0.049752306,0.28988904,0.034153633,-0.070049144,-0.037354328,0.056412086,0.14403015,-0.047388457,0.044726275,0.02638875,0.12285781,-0.009557455,-0.026286952,-0.18176922,0.12135091,0.11806615,0.012203186,-0.011516836,0.07398521,-0.12315526,0.04822916,0.26692215,0.031819534,-0.08634584,0.18871483,0.0,0.0,LPS_stimulation,donor_B,False
151,scrna,-0.02656934,-0.08531062,-0.08386759,0.14170662,0.15179,-0.07927258,-0.0273105,-0.2467652,0.17449313,0.10355794,0.0980212,-0.012282615,0.15261358,-0.12191959,0.044388637,-0.032477845,0.023517508,-0.16209385,-0.0069709574,-0.00022026538,-0.15828793,-0.06500805,0.2653547,0.037180346,-0.03110286,-0.013579008,-0.06766083,-0.1100998,-0.07682405,-0.00066696154,-0.08110752,0.091084935,6.0,6.0,LPS_stimulation,donor_B,False
152,scrna,0.012149991,-0.0025863815,0.114569016,-0.22656715,-0.03207635,-0.12679136,-0.0958431,-0.036476925,0.008727504,-0.008866773,-0.0129146315,0.06841758,0.032065198,-0.14334677,-0.0326008,-0.0694299,0.07128727,-0.008422503,-0.033091515,0.006044495,-0.052838087,0.11079938,-0.003750369,-0.16339359,-0.089018285,0.06644933,-0.026290303,-0.012745229,0.15065049,-0.059543118,-0.07181513,0.14083333,12.0,12.0,LPS_stimulation,donor_A,False
153,scrna,-0.01787105,-0.09992936,0.11710358,0.042371873,0.09990654,-0.08529633,0.16063729,0.06294975,0.046624627,0.077570684,0.055662457,0.106063426,0.2027988,-0.18617861,-0.02565205,0.06650606,-0.12257328,0.13972594,0.085718356,-0.012997899,0.10747066,-0.060291886,-0.058762427,-0.19983764,0.032501437,-0.07636827,0.0423451,-0.024219954,0.023956146,0.09508929,-0.06133126,0.09060268,24.0,24.0,LPS_stimulation,donor_A,False
154,scrna,-0.07065245,-0.31013867,-0.078540236,-0.037605118,0.051737167,-0.03342285,0.18941641,-0.028053977,-0.07092167,0.18899558,-0.04022776,0.010148456,0.0143461935,-0.19746202,0.061598334,0.1267059,0.26031202,0.004493338,-0.19084091,-0.059797354,0.08736725,-0.09912467,0.004830002,-0.116048,0.13901633,-0.17418657,0.08740606,0.07679721,-0.113568954,0.012528997,0.0327863,-0.15658629,48.0,48.0,LPS_stimulation,donor_B,False
155,scrna,-0.030444965,-0.048217274,0.03832874,0.02754843,-0.10198543,-0.057460535,0.08795782,-0.049752306,0.28988904,0.034153633,-0.070049144,-0.037354328,0.056412086,0.14403015,-0.047388457,0.044726275,0.02638875,0.12285781,-0.009557455,-0.026286952,-0.18176922,0.12135091,0.11806615,0.012203186,-0.011516836,0.07398521,-0.12315526,0.04822916,0.26692215,0.031819534,-0.08634584,0.18871483,0.0,0.0,LPS_stimulation,donor_B,False
156,scrna,-0.02656934,-0.08531062,-0.08386759,0.14170662,0.15179,-0.07927258,-0.0273105,-0.2467652,0.17449313,0.10355794,0.0980212,-0.012282615,0.15261358,-0.12191959,0.044388637,-0.032477845,0.023517508,-0.16209385,-0.0069709574,-0.00022026538,-0.15828793,-0.06500805,0.2653547,0.037180346,-0.03110286,-0.013579008,-0.06766083,-0.1100998,-0.07682405,-0.00066696154,-0.08110752,0.091084935,6.0,6.0,LPS_stimulation,donor_B,False
157,scrna,0.012149991,-0.0025863815,0.114569016,-0.22656715,-0.03207635,-0.12679136,-0.0958431,-0.036476925,0.008727504,-0.008866773,-0.0129146315,0.06841758,0.032065198,-0.14334677,-0.0326008,-0.0694299,0.07128727,-0.008422503,-0.033091515,0.006044495,-0.052838087,0.11079938,-0.003750369,-0.16339359,-0.089018285,0.06644933,-0.026290303,-0.012745229,0.15065049,-0.059543118,-0.07181513,0.14083333,12.0,12.0,LPS_stimulation,donor_B,False
158,scrna,-0.01787105,-0.09992936,0.11710358,0.042371873,0.09990654,-0.08529633,0.16063729,0.06294975,0.046624627,0.077570684,0.055662457,0.106063426,0.2027988,-0.18617861,-0.02565205,0.06650606,-0.12257328,0.13972594,0.085718356,-0.012997899,0.10747066,-0.060291886,-0.058762427,-0.19983764,0.032501437,-0.07636827,0.0423451,-0.024219954,0.023956146,0.09508929,-0.06133126,0.09060268,24.0,24.0,LPS_stimulation,donor_B,False
159,scrna,-0.07065245,-0.31013867,-0.078540236,-0.037605118,0.051737167,-0.03342285,0.18941641,-0.028053977,-0.07092167,0.18899558,-0.04022776,0.010148456,0.0143461935,-0.19746202,0.061598334,0.1267059,0.26031202,0.004493338,-0.19084091,-0.059797354,0.08736725,-0.09912467,0.004830002,-0.116048,0.13901633,-0.17418657,0.08740606,0.07679721,-0.113568954,0.012528997,0.0327863,-0.15658629,48.0,48.0,LPS_stimulation,donor_A,False
160,scrna,-0.030444965,-0.048217274,0.03832874,0.02754843,-0.10198543,-0.057460535,0.08795782,-0.049752306,0.28988904,0.034153633,-0.070049144,-0.037354328,0.056412086,0.14403015,-0.047388457,0.044726275,0.02638875,0.12285781,-0.009557455,-0.026286952,-0.18176922,0.12135091,0.11806615,0.012203186,-0.011516836,0.07398521,-0.12315526,0.04822916,0.26692215,0.031819534,-0.08634584,0.18871483,0.0,0.0,LPS_stimulation,donor_B,False
161,scrna,-0.02656934,-0.08531062,-0.08386759,0.14170662,0.15179,-0.07927258,-0.0273105,-0.2467652,0.17449313,0.10355794,0.0980212,-0.012282615,0.15261358,-0.12191959,0.044388637,-0.032477845,0.023517508,-0.16209385,-0.0069709574,-0.00022026538,-0.15828793,-0.06500805,0.2653547,0.037180346,-0.03110286,-0.013579008,-0.06766083,-0.1100998,-0.07682405,-0.00066696154,-0.08110752,0.091084935,6.0,6.0,LPS_stimulation,donor_A,False
162,scrna,0.012149991,-0.0025863815,0.114569016,-0.22656715,-0.03207635,-0.12679136,-0.0958431,-0.036476925,0.008727504,-0.008866773,-0.0129146315,0.06841758,0.032065198,-0.14334677,-0.0326008,-0.0694299,0.07128727,-0.008422503,-0.033091515,0.006044495,-0.052838087,0.11079938,-0.003750369,-0.16339359,-0.089018285,0.06644933,-0.026290303,-0.012745229,0.15065049,-0.059543118,-0.07181513,0.14083333,12.0,12.0,LPS_stimulation,donor_B,False
163,scrna,-0.01787105,-0.09992936,0.11710358,0.042371873,0.09990654,-0.08529633,0.16063729,0.06294975,0.046624627,0.077570684,0.055662457,0.106063426,0.2027988,-0.18617861,-0.02565205,0.06650606,-0.12257328,0.13972594,0.085718356,-0.012997899,0.10747066,-0.060291886,-0.058762427,-0.19983764,0.032501437,-0.07636827,0.0423451,-0.024219954,0.023956146,0.09508929,-0.06133126,0.09060268,24.0,24.0,LPS_stimulation,donor_B,False
164,scrna,-0.07065245,-0.31013867,-0.078540236,-0.037605118,0.051737167,-0.03342285,0.18941641,-0.028053977,-0.07092167,0.18899558,-0.04022776,0.010148456,0.0143461935,-0.19746202,0.061598334,0.1267059,0.26031202,0.004493338,-0.19084091,-0.059797354,0.08736725,-0.09912467,0.004830002,-0.116048,0.13901633,-0.17418657,0.08740606,0.07679721,-0.113568954,0.012528997,0.0327863,-0.15658629,48.0,48.0,LPS_stimulation,donor_A,False
165,scrna,-0.030444965,-0.048217274,0.03832874,0.02754843,-0.10198543,-0.057460535,0.08795782,-0.049752306,0.28988904,0.034153633,-0.070049144,-0.037354328,0.056412086,0.14403015,-0.047388457,0.044726275,0.02638875,0.12285781,-0.009557455,-0.026286952,-0.18176922,0.12135091,0.11806615,0.012203186,-0.011516836,0.07398521,-0.12315526,0.04822916,0.26692215,0.031819534,-0.08634584,0.18871483,0.0,0.0,LPS_stimulation,donor_A,False
166,scrna,-0.02656934,-0.08531062,-0.08386759,0.14170662,0.15179,-0.07927258,-0.0273105,-0.2467652,0.17449313,0.10355794,0.0980212,-0.012282615,0.15261358,-0.12191959,0.044388637,-0.032477845,0.023517508,-0.16209385,-0.0069709574,-0.00022026538,-0.15828793,-0.06500805,0.2653547,0.037180346,-0.03110286,-0.013579008,-0.06766083,-0.1100998,-0.07682405,-0.00066696154,-0.08110752,0.091084935,6.0,6.0,LPS_stimulation,donor_B,False
167,scrna,0.012149991,-0.0025863815,0.114569016,-0.22656715,-0.03207635,-0.12679136,-0.0958431,-0.036476925,0.008727504,-0.008866773,-0.0129146315,0.06841758,0.032065198,-0.14334677,-0.0326008,-0.0694299,0.07128727,-0.008422503,-0.033091515,0.006044495,-0.052838087,0.11079938,-0.003750369,-0.16339359,-0.089018285,0.06644933,-0.026290303,-0.012745229,0.15065049,-0.059543118,-0.07181513,0.14083333,12.0,12.0,LPS_stimulation,donor_A,False
168,scrna,-0.01787105,-0.09992936,0.11710358,0.042371873,0.09990654,-0.08529633,0.16063729,0.06294975,0.046624627,0.077570684,0.055662457,0.106063426,0.2027988,-0.18617861,-0.02565205,0.06650606,-0.12257328,0.13972594,0.085718356,-0.012997899,0.10747066,-0.060291886,-0.058762427,-0.19983764,0.032501437,-0.07636827,0.0423451,-0.024219954,0.023956146,0.09508929,-0.06133126,0.09060268,24.0,24.0,LPS_stimulation,donor_B,False
169,scrna,-0.07065245,-0.31013867,-0.078540236,-0.037605118,0.051737167,-0.03342285,0.18941641,-0.028053977,-0.07092167,0.18899558,-0.04022776,0.010148456,0.0143461935,-0.19746202,0.061598334,0.1267059,0.26031202,0.004493338,-0.19084091,-0.059797354,0.08736725,-0.09912467,0.004830002,-0.116048,0.13901633,-0.17418657,0.08740606,0.07679721,-0.113568954,0.012528997,0.0327863,-0.15658629,48.0,48.0,LPS_stimulation,donor_A,False
170,scrna,-0.030444965,-0.048217274,0.03832874,0.02754843,-0.10198543,-0.057460535,0.08795782,-0.049752306,0.28988904,0.034153633,-0.070049144,-0.037354328,0.056412086,0.14403015,-0.047388457,0.044726275,0.02638875,0.12285781,-0.009557455,-0.026286952,-0.18176922,0.12135091,0.11806615,0.012203186,-0.011516836,0.07398521,-0.12315526,0.04822916,0.26692215,0.031819534,-0.08634584,0.18871483,0.0,0.0,LPS_stimulation,donor_A,False
171,scrna,-0.02656934,-0.08531062,-0.08386759,0.14170662,0.15179,-0.07927258,-0.0273105,-0.2467652,0.17449313,0.10355794,0.0980212,-0.012282615,0.15261358,-0.12191959,0.044388637,-0.032477845,0.023517508,-0.16209385,-0.0069709574,-0.00022026538,-0.15828793,-0.06500805,0.2653547,0.037180346,-0.03110286,-0.013579008,-0.06766083,-0.1100998,-0.07682405,-0.00066696154,-0.08110752,0.091084935,6.0,6.0,LPS_stimulation,donor_A,False
172,scrna,0.012149991,-0.0025863815,0.114569016,-0.22656715,-0.03207635,-0.12679136,-0.0958431,-0.036476925,0.008727504,-0.008866773,-0.0129146315,0.06841758,0.032065198,-0.14334677,-0.0326008,-0.0694299,0.07128727,-0.008422503,-0.033091515,0.006044495,-0.052838087,0.11079938,-0.003750369,-0.16339359,-0.089018285,0.06644933,-0.026290303,-0.012745229,0.15065049,-0.059543118,-0.07181513,0.14083333,12.0,12.0,LPS_stimulation,donor_B,False
173,scrna,-0.01787105,-0.09992936,0.11710358,0.042371873,0.09990654,-0.08529633,0.16063729,0.06294975,0.046624627,0.077570684,0.055662457,0.106063426,0.2027988,-0.18617861,-0.02565205,0.06650606,-0.12257328,0.13972594,0.085718356,-0.012997899,0.10747066,-0.060291886,-0.058762427,-0.19983764,0.032501437,-0.07636827,0.0423451,-0.024219954,0.023956146,0.09508929,-0.06133126,0.09060268,24.0,24.0,LPS_stimulation,donor_A,False
174,scrna,-0.07065245,-0.31013867,-0.078540236,-0.037605118,0.051737167,-0.03342285,0.18941641,-0.028053977,-0.07092167,0.18899558,-0.04022776,0.010148456,0.0143461935,-0.19746202,0.061598334,0.1267059,0.26031202,0.004493338,-0.19084091,-0.059797354,0.08736725,-0.09912467,0.004830002,-0.116048,0.13901633,-0.17418657,0.08740606,0.07679721,-0.113568954,0.012528997,0.0327863,-0.15658629,48.0,48.0,LPS_stimulation,donor_A,False
175,scrna,-0.030444965,-0.048217274,0.03832874,0.02754843,-0.10198543,-0.057460535,0.08795782,-0.049752306,0.28988904,0.034153633,-0.070049144,-0.037354328,0.056412086,0.14403015,-0.047388457,0.044726275,0.02638875,0.12285781,-0.009557455,-0.026286952,-0.18176922,0.12135091,0.11806615,0.012203186,-0.011516836,0.07398521,-0.12315526,0.04822916,0.26692215,0.031819534,-0.08634584,0.18871483,0.0,0.0,LPS_stimulation,donor_A,False
176,scrna,-0.02656934,-0.08531062,-0.08386759,0.14170662,0.15179,-0.07927258,-0.0273105,-0.2467652,0.17449313,0.10355794,0.0980212,-0.012282615,0.15261358,-0.12191959,0.044388637,-0.032477845,0.023517508,-0.16209385,-0.0069709574,-0.00022026538,-0.15828793,-0.06500805,0.2653547,0.037180346,-0.03110286,-0.013579008,-0.06766083,-0.1100998,-0.07682405,-0.00066696154,-0.08110752,0.091084935,6.0,6.0,LPS_stimulation,donor_A,False
177,scrna,0.012149991,-0.0025863815,0.114569016,-0.22656715,-0.03207635,-0.12679136,-0.0958431,-0.036476925,0.008727504,-0.008866773,-0.0129146315,0.06841758,0.032065198,-0.14334677,-0.0326008,-0.0694299,0.07128727,-0.008422503,-0.033091515,0.006044495,-0.052838087,0.11079938,-0.003750369,-0.16339359,-0.089018285,0.06644933,-0.026290303,-0.012745229,0.15065049,-0.059543118,-0.07181513,0.14083333,12.0,12.0,LPS_stimulation,donor_B,False
178,scrna,-0.01787105,-0.09992936,0.11710358,0.042371873,0.09990654,-0.08529633,0.16063729,0.06294975,0.046624627,0.077570684,0.055662457,0.106063426,0.2027988,-0.18617861,-0.02565205,0.06650606,-0.12257328,0.13972594,0.085718356,-0.012997899,0.10747066,-0.060291886,-0.058762427,-0.19983764,0.032501437,-0.07636827,0.0423451,-0.024219954,0.023956146,0.09508929,-0.06133126,0.09060268,24.0,24.0,LPS_stimulation,donor_A,False
179,scrna,-0.07065245,-0.31013867,-0.078540236,-0.037605118,0.051737167,-0.03342285,0.18941641,-0.028053977,-0.07092167,0.18899558,-0.04022776,0.010148456,0.0143461935,-0.19746202,0.061598334,0.1267059,0.26031202,0.004493338,-0.19084091,-0.059797354,0.08736725,-0.09912467,0.004830002,-0.116048,0.13901633,-0.17418657,0.08740606,0.07679721,-0.113568954,0.012528997,0.0327863,-0.15658629,48.0,48.0,LPS_stimulation,donor_A,False
180,scrna,-0.030444965,-0.048217274,0.03832874,0.02754843,-0.10198543,-0.057460535,0.08795782,-0.049752306,0.28988904,0.034153633,-0.070049144,-0.037354328,0.056412086,0.14403015,-0.047388457,0.044726275,0.02638875,0.12285781,-0.009557455,-0.026286952,-0.18176922,0.12135091,0.11806615,0.012203186,-0.011516836,0.07398521,-0.12315526,0.04822916,0.26692215,0.031819534,-0.08634584,0.18871483,0.0,0.0,LPS_stimulation,donor_B,False
181,scrna,-0.02656934,-0.08531062,-0.08386759,0.14170662,0.15179,-0.07927258,-0.0273105,-0.2467652,0.17449313,0.10355794,0.0980212,-0.012282615,0.15261358,-0.12191959,0.044388637,-0.032477845,0.023517508,-0.16209385,-0.0069709574,-0.00022026538,-0.15828793,-0.06500805,0.2653547,0.037180346,-0.03110286,-0.013579008,-0.06766083,-0.1100998,-0.07682405,-0.00066696154,-0.08110752,0.091084935,6.0,6.0,LPS_stimulation,donor_B,False
182,scrna,0.012149991,-0.0025863815,0.114569016,-0.22656715,-0.03207635,-0.12679136,-0.0958431,-0.036476925,0.008727504,-0.008866773,-0.0129146315,0.06841758,0.032065198,-0.14334677,-0.0326008,-0.0694299,0.07128727,-0.008422503,-0.033091515,0.006044495,-0.052838087,0.11079938,-0.003750369,-0.16339359,-0.089018285,0.06644933,-0.026290303,-0.012745229,0.15065049,-0.059543118,-0.07181513,0.14083333,12.0,12.0,LPS_stimulation,donor_A,False
183,scrna,-0.01787105,-0.09992936,0.11710358,0.042371873,0.09990654,-0.08529633,0.16063729,0.06294975,0.046624627,0.077570684,0.055662457,0.106063426,0.2027988,-0.18617861,-0.02565205,0.06650606,-0.12257328,0.13972594,0.085718356,-0.012997899,0.10747066,-0.060291886,-0.058762427,-0.19983764,0.032501437,-0.07636827,0.0423451,-0.024219954,0.023956146,0.09508929,-0.06133126,0.09060268,24.0,24.0,LPS_stimulation,donor_B,False
184,scrna,-0.07065245,-0.31013867,-0.078540236,-0.037605118,0.051737167,-0.03342285,0.18941641,-0.028053977,-0.07092167,0.18899558,-0.04022776,0.010148456,0.0143461935,-0.19746202,0.061598334,0.1267059,0.26031202,0.004493338,-0.19084091,-0.059797354,0.08736725,-0.09912467,0.004830002,-0.116048,0.13901633,-0.17418657,0.08740606,0.07679721,-0.113568954,0.012528997,0.0327863,-0.15658629,48.0,48.0,LPS_stimulation,donor_B,False
185,scrna,-0.030444965,-0.048217274,0.03832874,0.02754843,-0.10198543,-0.057460535,0.08795782,-0.049752306,0.28988904,0.034153633,-0.070049144,-0.037354328,0.056412086,0.14403015,-0.047388457,0.044726275,0.02638875,0.12285781,-0.009557455,-0.026286952,-0.18176922,0.12135091,0.11806615,0.012203186,-0.011516836,0.07398521,-0.12315526,0.04822916,0.26692215,0.031819534,-0.08634584,0.18871483,0.0,0.0,LPS_stimulation,donor_A,False
186,scrna,-0.02656934,-0.08531062,-0.08386759,0.14170662,0.15179,-0.07927258,-0.0273105,-0.2467652,0.17449313,0.10355794,0.0980212,-0.012282615,0.15261358,-0.12191959,0.044388637,-0.032477845,0.023517508,-0.16209385,-0.0069709574,-0.00022026538,-0.15828793,-0.06500805,0.2653547,0.037180346,-0.03110286,-0.013579008,-0.06766083,-0.1100998,-0.07682405,-0.00066696154,-0.08110752,0.091084935,6.0,6.0,LPS_stimulation,donor_B,False
187,scrna,0.012149991,-0.0025863815,0.114569016,-0.22656715,-0.03207635,-0.12679136,-0.0958431,-0.036476925,0.008727504,-0.008866773,-0.0129146315,0.06841758,0.032065198,-0.14334677,-0.0326008,-0.0694299,0.07128727,-0.008422503,-0.033091515,0.006044495,-0.052838087,0.11079938,-0.003750369,-0.16339359,-0.089018285,0.06644933,-0.026290303,-0.012745229,0.15065049,-0.059543118,-0.07181513,0.14083333,12.0,12.0,LPS_stimulation,donor_B,False
188,scrna,-0.01787105,-0.09992936,0.11710358,0.042371873,0.09990654,-0.08529633,0.16063729,0.06294975,0.046624627,0.077570684,0.055662457,0.106063426,0.2027988,-0.18617861,-0.02565205,0.06650606,-0.12257328,0.13972594,0.085718356,-0.012997899,0.10747066,-0.060291886,-0.058762427,-0.19983764,0.032501437,-0.07636827,0.0423451,-0.024219954,0.023956146,0.09508929,-0.06133126,0.09060268,24.0,24.0,LPS_stimulation,donor_B,False
189,scrna,-0.07065245,-0.31013867,-0.078540236,-0.037605118,0.051737167,-0.03342285,0.18941641,-0.028053977,-0.07092167,0.18899558,-0.04022776,0.010148456,0.0143461935,-0.19746202,0.061598334,0.1267059,0.26031202,0.004493338,-0.19084091,-0.059797354,0.08736725,-0.09912467,0.004830002,-0.116048,0.13901633,-0.17418657,0.08740606,0.07679721,-0.113568954,0.012528997,0.0327863,-0.15658629,48.0,48.0,LPS_stimulation,donor_B,False
190,scrna,-0.030444965,-0.048217274,0.03832874,0.02754843,-0.10198543,-0.057460535,0.08795782,-0.049752306,0.28988904,0.034153633,-0.070049144,-0.037354328,0.056412086,0.14403015,-0.047388457,0.044726275,0.02638875,0.12285781,-0.009557455,-0.026286952,-0.18176922,0.12135091,0.11806615,0.012203186,-0.011516836,0.07398521,-0.12315526,0.04822916,0.26692215,0.031819534,-0.08634584,0.18871483,0.0,0.0,LPS_stimulation,donor_B,False
191,scrna,-0.02656934,-0.08531062,-0.08386759,0.14170662,0.15179,-0.07927258,-0.0273105,-0.2467652,0.17449313,0.10355794,0.0980212,-0.012282615,0.15261358,-0.12191959,0.044388637,-0.032477845,0.023517508,-0.16209385,-0.0069709574,-0.00022026538,-0.15828793,-0.06500805,0.2653547,0.037180346,-0.03110286,-0.013579008,-0.06766083,-0.1100998,-0.07682405,-0.00066696154,-0.08110752,0.091084935,6.0,6.0,LPS_stimulation,donor_A,False
192,scrna,0.012149991,-0.0025863815,0.114569016,-0.22656715,-0.03207635,-0.12679136,-0.0958431,-0.036476925,0.008727504,-0.008866773,-0.0129146315,0.06841758,0.032065198,-0.14334677,-0.0326008,-0.0694299,0.07128727,-0.008422503,-0.033091515,0.006044495,-0.052838087,0.11079938,-0.003750369,-0.16339359,-0.089018285,0.06644933,-0.026290303,-0.012745229,0.15065049,-0.059543118,-0.07181513,0.14083333,12.0,12.0,LPS_stimulation,donor_A,False
193,scrna,-0.01787105,-0.09992936,0.11710358,0.042371873,0.09990654,-0.08529633,0.16063729,0.06294975,0.046624627,0.077570684,0.055662457,0.106063426,0.2027988,-0.18617861,-0.02565205,0.06650606,-0.12257328,0.13972594,0.085718356,-0.012997899,0.10747066,-0.060291886,-0.058762427,-0.19983764,0.032501437,-0.07636827,0.0423451,-0.024219954,0.023956146,0.09508929,-0.06133126,0.09060268,24.0,24.0,LPS_stimulation,donor_B,False
194,scrna,-0.07065245,-0.31013867,-0.078540236,-0.037605118,0.051737167,-0.03342285,0.18941641,-0.028053977,-0.07092167,0.18899558,-0.04022776,0.010148456,0.0143461935,-0.19746202,0.061598334,0.1267059,0.26031202,0.004493338,-0.19084091,-0.059797354,0.08736725,-0.09912467,0.004830002,-0.116048,0.13901633,-0.17418657,0.08740606,0.07679721,-0.113568954,0.012528997,0.0327863,-0.15658629,48.0,48.0,LPS_stimulation,donor_A,False
195,scrna,-0.030444965,-0.048217274,0.03832874,0.02754843,-0.10198543,-0.057460535,0.08795782,-0.049752306,0.28988904,0.034153633,-0.070049144,-0.037354328,0.056412086,0.14403015,-0.047388457,0.044726275,0.02638875,0.12285781,-0.009557455,-0.026286952,-0.18176922,0.12135091,0.11806615,0.012203186,-0.011516836,0.07398521,-0.12315526,0.04822916,0.26692215,0.031819534,-0.08634584,0.18871483,0.0,0.0,LPS_stimulation,donor_A,False
196,scrna,-0.02656934,-0.08531062,-0.08386759,0.14170662,0.15179,-0.07927258,-0.0273105,-0.2467652,0.17449313,0.10355794,0.0980212,-0.012282615,0.15261358,-0.12191959,0.044388637,-0.032477845,0.023517508,-0.16209385,-0.0069709574,-0.00022026538,-0.15828793,-0.06500805,0.2653547,0.037180346,-0.03110286,-0.013579008,-0.06766083,-0.1100998,-0.07682405,-0.00066696154,-0.08110752,0.091084935,6.0,6.0,LPS_stimulation,donor_A,False
197,scrna,0.012149991,-0.0025863815,0.114569016,-0.22656715,-0.03207635,-0.12679136,-0.0958431,-0.036476925,0.008727504,-0.008866773,-0.0129146315,0.06841758,0.032065198,-0.14334677,-0.0326008,-0.0694299,0.07128727,-0.008422503,-0.033091515,0.006044495,-0.052838087,0.11079938,-0.003750369,-0.16339359,-0.089018285,0.06644933,-0.026290303,-0.012745229,0.15065049,-0.059543118,-0.07181513,0.14083333,12.0,12.0,LPS_stimulation,donor_B,False
198,scrna,-0.01787105,-0.09992936,0.11710358,0.042371873,0.09990654,-0.08529633,0.16063729,0.06294975,0.046624627,0.077570684,0.055662457,0.106063426,0.2027988,-0.18617861,-0.02565205,0.06650606,-0.12257328,0.13972594,0.085718356,-0.012997899,0.10747066,-0.060291886,-0.058762427,-0.19983764,0.032501437,-0.07636827,0.0423451,-0.024219954,0.023956146,0.09508929,-0.06133126,0.09060268,24.0,24.0,LPS_stimulation,donor_B,False
199,scrna,-0.07065245,-0.31013867,-0.078540236,-0.037605118,0.051737167,-0.03342285,0.18941641,-0.028053977,-0.07092167,0.18899558,-0.04022776,0.010148456,0.0143461935,-0.19746202,0.061598334,0.1267059,0.26031202,0.004493338,-0.19084091,-0.059797354,0.08736725,-0.09912467,0.004830002,-0.116048,0.13901633,-0.17418657,0.08740606,0.07679721,-0.113568954,0.012528997,0.0327863,-0.15658629,48.0,48.0,LPS_stimulation,donor_B,False
200,scrna,-0.030444965,-0.048217274,0.03832874,0.02754843,-0.10198543,-0.057460535,0.08795782,-0.049752306,0.28988904,0.034153633,-0.070049144,-0.037354328,0.056412086,0.14403015,-0.047388457,0.044726275,0.02638875,0.12285781,-0.009557455,-0.026286952,-0.18176922,0.12135091,0.11806615,0.012203186,-0.011516836,0.07398521,-0.12315526,0.04822916,0.26692215,0.031819534,-0.08634584,0.18871483,0.0,0.0,LPS_stimulation,donor_A,False
201,scrna,-0.02656934,-0.08531062,-0.08386759,0.14170662,0.15179,-0.07927258,-0.0273105,-0.2467652,0.17449313,0.10355794,0.0980212,-0.012282615,0.15261358,-0.12191959,0.044388637,-0.032477845,0.023517508,-0.16209385,-0.0069709574,-0.00022026538,-0.15828793,-0.06500805,0.2653547,0.037180346,-0.03110286,-0.013579008,-0.06766083,-0.1100998,-0.07682405,-0.00066696154,-0.08110752,0.091084935,6.0,6.0,LPS_stimulation,donor_A,False
202,scrna,0.012149991,-0.0025863815,0.114569016,-0.22656715,-0.03207635,-0.12679136,-0.0958431,-0.036476925,0.008727504,-0.008866773,-0.0129146315,0.06841758,0.032065198,-0.14334677,-0.0326008,-0.0694299,0.07128727,-0.008422503,-0.033091515,0.006044495,-0.052838087,0.11079938,-0.003750369,-0.16339359,-0.089018285,0.06644933,-0.026290303,-0.012745229,0.15065049,-0.059543118,-0.07181513,0.14083333,12.0,12.0,LPS_stimulation,donor_A,False
203,scrna,-0.01787105,-0.09992936,0.11710358,0.042371873,0.09990654,-0.08529633,0.16063729,0.06294975,0.046624627,0.077570684,0.055662457,0.106063426,0.2027988,-0.18617861,-0.02565205,0.06650606,-0.12257328,0.13972594,0.085718356,-0.012997899,0.10747066,-0.060291886,-0.058762427,-0.19983764,0.032501437,-0.07636827,0.0423451,-0.024219954,0.023956146,0.09508929,-0.06133126,0.09060268,24.0,24.0,LPS_stimulation,donor_A,False
204,scrna,-0.07065245,-0.31013867,-0.078540236,-0.037605118,0.051737167,-0.03342285,0.18941641,-0.028053977,-0.07092167,0.18899558,-0.04022776,0.010148456,0.0143461935,-0.19746202,0.061598334,0.1267059,0.26031202,0.004493338,-0.19084091,-0.059797354,0.08736725,-0.09912467,0.004830002,-0.116048,0.13901633,-0.17418657,0.08740606,0.07679721,-0.113568954,0.012528997,0.0327863,-0.15658629,48.0,48.0,LPS_stimulation,donor_A,False
205,scrna,-0.030444965,-0.048217274,0.03832874,0.02754843,-0.10198543,-0.057460535,0.08795782,-0.049752306,0.28988904,0.034153633,-0.070049144,-0.037354328,0.056412086,0.14403015,-0.047388457,0.044726275,0.02638875,0.12285781,-0.009557455,-0.026286952,-0.18176922,0.12135091,0.11806615,0.012203186,-0.011516836,0.07398521,-0.12315526,0.04822916,0.26692215,0.031819534,-0.08634584,0.18871483,0.0,0.0,LPS_stimulation,donor_A,False
206,scrna,-0.02656934,-0.08531062,-0.08386759,0.14170662,0.15179,-0.07927258,-0.0273105,-0.2467652,0.17449313,0.10355794,0.0980212,-0.012282615,0.15261358,-0.12191959,0.044388637,-0.032477845,0.023517508,-0.16209385,-0.0069709574,-0.00022026538,-0.15828793,-0.06500805,0.2653547,0.037180346,-0.03110286,-0.013579008,-0.06766083,-0.1100998,-0.07682405,-0.00066696154,-0.08110752,0.091084935,6.0,6.0,LPS_stimulation,donor_A,False
207,scrna,0.012149991,-0.0025863815,0.114569016,-0.22656715,-0.03207635,-0.12679136,-0.0958431,-0.036476925,0.008727504,-0.008866773,-0.0129146315,0.06841758,0.032065198,-0.14334677,-0.0326008,-0.0694299,0.07128727,-0.008422503,-0.033091515,0.006044495,-0.052838087,0.11079938,-0.003750369,-0.16339359,-0.089018285,0.06644933,-0.026290303,-0.012745229,0.15065049,-0.059543118,-0.07181513,0.14083333,12.0,12.0,LPS_stimulation,donor_B,False
208,scrna,-0.01787105,-0.09992936,0.11710358,0.042371873,0.09990654,-0.08529633,0.16063729,0.06294975,0.046624627,0.077570684,0.055662457,0.106063426,0.2027988,-0.18617861,-0.02565205,0.06650606,-0.12257328,0.13972594,0.085718356,-0.012997899,0.10747066,-0.060291886,-0.058762427,-0.19983764,0.032501437,-0.07636827,0.0423451,-0.024219954,0.023956146,0.09508929,-0.06133126,0.09060268,24.0,24.0,LPS_stimulation,donor_B,False
209,scrna,-0.07065245,-0.31013867,-0.078540236,-0.037605118,0.051737167,-0.03342285,0.18941641,-0.028053977,-0.07092167,0.18899558,-0.04022776,0.010148456,0.0143461935,-0.19746202,0.061598334,0.1267059,0.26031202,0.004493338,-0.19084091,-0.059797354,0.08736725,-0.09912467,0.004830002,-0.116048,0.13901633,-0.17418657,0.08740606,0.07679721,-0.113568954,0.012528997,0.0327863,-0.15658629,48.0,48.0,LPS_stimulation,donor_B,False
210,scrna,-0.030444965,-0.048217274,0.03832874,0.02754843,-0.10198543,-0.057460535,0.08795782,-0.049752306,0.28988904,0.034153633,-0.070049144,-0.037354328,0.056412086,0.14403015,-0.047388457,0.044726275,0.02638875,0.12285781,-0.009557455,-0.026286952,-0.18176922,0.12135091,0.11806615,0.012203186,-0.011516836,0.07398521,-0.12315526,0.04822916,0.26692215,0.031819534,-0.08634584,0.18871483,0.0,0.0,LPS_stimulation,donor_A,False
211,scrna,-0.02656934,-0.08531062,-0.08386759,0.14170662,0.15179,-0.07927258,-0.0273105,-0.2467652,0.17449313,0.10355794,0.0980212,-0.012282615,0.15261358,-0.12191959,0.044388637,-0.032477845,0.023517508,-0.16209385,-0.0069709574,-0.00022026538,-0.15828793,-0.06500805,0.2653547,0.037180346,-0.03110286,-0.013579008,-0.06766083,-0.1100998,-0.07682405,-0.00066696154,-0.08110752,0.091084935,6.0,6.0,LPS_stimulation,donor_A,False
212,scrna,0.012149991,-0.0025863815,0.114569016,-0.22656715,-0.03207635,-0.12679136,-0.0958431,-0.036476925,0.008727504,-0.008866773,-0.0129146315,0.06841758,0.032065198,-0.14334677,-0.0326008,-0.0694299,0.07128727,-0.008422503,-0.033091515,0.006044495,-0.052838087,0.11079938,-0.003750369,-0.16339359,-0.089018285,0.06644933,-0.026290303,-0.012745229,0.15065049,-0.059543118,-0.07181513,0.14083333,12.0,12.0,LPS_stimulation,donor_B,False
213,scrna,-0.01787105,-0.09992936,0.11710358,0.042371873,0.09990654,-0.08529633,0.16063729,0.06294975,0.046624627,0.077570684,0.055662457,0.106063426,0.2027988,-0.18617861,-0.02565205,0.06650606,-0.12257328,0.13972594,0.085718356,-0.012997899,0.10747066,-0.060291886,-0.058762427,-0.19983764,0.032501437,-0.07636827,0.0423451,-0.024219954,0.023956146,0.09508929,-0.06133126,0.09060268,24.0,24.0,LPS_stimulation,donor_A,False
214,scrna,-0.07065245,-0.31013867,-0.078540236,-0.037605118,0.051737167,-0.03342285,0.18941641,-0.028053977,-0.07092167,0.18899558,-0.04022776,0.010148456,0.0143461935,-0.19746202,0.061598334,0.1267059,0.26031202,0.004493338,-0.19084091,-0.059797354,0.08736725,-0.09912467,0.004830002,-0.116048,0.13901633,-0.17418657,0.08740606,0.07679721,-0.113568954,0.012528997,0.0327863,-0.15658629,48.0,48.0,LPS_stimulation,donor_B,False
215,scrna,-0.030444965,-0.048217274,0.03832874,0.02754843,-0.10198543,-0.057460535,0.08795782,-0.049752306,0.28988904,0.034153633,-0.070049144,-0.037354328,0.056412086,0.14403015,-0.047388457,0.044726275,0.02638875,0.12285781,-0.009557455,-0.026286952,-0.18176922,0.12135091,0.11806615,0.012203186,-0.011516836,0.07398521,-0.12315526,0.04822916,0.26692215,0.031819534,-0.08634584,0.18871483,0.0,0.0,LPS_stimulation,donor_A,False
216,scrna,-0.02656934,-0.08531062,-0.08386759,0.14170662,0.15179,-0.07927258,-0.0273105,-0.2467652,0.17449313,0.10355794,0.0980212,-0.012282615,0.15261358,-0.12191959,0.044388637,-0.032477845,0.023517508,-0.16209385,-0.0069709574,-0.00022026538,-0.15828793,-0.06500805,0.2653547,0.037180346,-0.03110286,-0.013579008,-0.06766083,-0.1100998,-0.07682405,-0.00066696154,-0.08110752,0.091084935,6.0,6.0,LPS_stimulation,donor_A,False
217,scrna,0.012149991,-0.0025863815,0.114569016,-0.22656715,-0.03207635,-0.12679136,-0.0958431,-0.036476925,0.008727504,-0.008866773,-0.0129146315,0.06841758,0.032065198,-0.14334677,-0.0326008,-0.0694299,0.07128727,-0.008422503,-0.033091515,0.006044495,-0.052838087,0.11079938,-0.003750369,-0.16339359,-0.089018285,0.06644933,-0.026290303,-0.012745229,0.15065049,-0.059543118,-0.07181513,0.14083333,12.0,12.0,LPS_stimulation,donor_B,False
218,scrna,-0.01787105,-0.09992936,0.11710358,0.042371873,0.09990654,-0.08529633,0.16063729,0.06294975,0.046624627,0.077570684,0.055662457,0.106063426,0.2027988,-0.18617861,-0.02565205,0.06650606,-0.12257328,0.13972594,0.085718356,-0.012997899,0.10747066,-0.060291886,-0.058762427,-0.19983764,0.032501437,-0.07636827,0.0423451,-0.024219954,0.023956146,0.09508929,-0.06133126,0.09060268,24.0,24.0,LPS_stimulation,donor_A,False
219,scrna,-0.07065245,-0.31013867,-0.078540236,-0.037605118,0.051737167,-0.03342285,0.18941641,-0.028053977,-0.07092167,0.18899558,-0.04022776,0.010148456,0.0143461935,-0.19746202,0.061598334,0.1267059,0.26031202,0.004493338,-0.19084091,-0.059797354,0.08736725,-0.09912467,0.004830002,-0.116048,0.13901633,-0.17418657,0.08740606,0.07679721,-0.113568954,0.012528997,0.0327863,-0.15658629,48.0,48.0,LPS_stimulation,donor_B,False
220,scrna,-0.030444965,-0.048217274,0.03832874,0.02754843,-0.10198543,-0.057460535,0.08795782,-0.049752306,0.28988904,0.034153633,-0.070049144,-0.037354328,0.056412086,0.14403015,-0.047388457,0.044726275,0.02638875,0.12285781,-0.009557455,-0.026286952,-0.18176922,0.12135091,0.11806615,0.012203186,-0.011516836,0.07398521,-0.12315526,0.04822916,0.26692215,0.031819534,-0.08634584,0.18871483,0.0,0.0,LPS_stimulation,donor_B,False
221,scrna,-0.02656934,-0.08531062,-0.08386759,0.14170662,0.15179,-0.07927258,-0.0273105,-0.2467652,0.17449313,0.10355794,0.0980212,-0.012282615,0.15261358,-0.12191959,0.044388637,-0.032477845,0.023517508,-0.16209385,-0.0069709574,-0.00022026538,-0.15828793,-0.06500805,0.2653547,0.037180346,-0.03110286,-0.013579008,-0.06766083,-0.1100998,-0.07682405,-0.00066696154,-0.08110752,0.091084935,6.0,6.0,LPS_stimulation,donor_A,False
222,scrna,0.012149991,-0.0025863815,0.114569016,-0.22656715,-0.03207635,-0.12679136,-0.0958431,-0.036476925,0.008727504,-0.008866773,-0.0129146315,0.06841758,0.032065198,-0.14334677,-0.0326008,-0.0694299,0.07128727,-0.008422503,-0.033091515,0.006044495,-0.052838087,0.11079938,-0.003750369,-0.16339359,-0.089018285,0.06644933,-0.026290303,-0.012745229,0.15065049,-0.059543118,-0.07181513,0.14083333,12.0,12.0,LPS_stimulation,donor_B,False
223,scrna,-0.01787105,-0.09992936,0.11710358,0.042371873,0.09990654,-0.08529633,0.16063729,0.06294975,0.046624627,0.077570684,0.055662457,0.106063426,0.2027988,-0.18617861,-0.02565205,0.06650606,-0.12257328,0.13972594,0.085718356,-0.012997899,0.10747066,-0.060291886,-0.058762427,-0.19983764,0.032501437,-0.07636827,0.0423451,-0.024219954,0.023956146,0.09508929,-0.06133126,0.09060268,24.0,24.0,LPS_stimulation,donor_B,False
224,scrna,-0.07065245,-0.31013867,-0.078540236,-0.037605118,0.051737167,-0.03342285,0.18941641,-0.028053977,-0.07092167,0.18899558,-0.04022776,0.010148456,0.0143461935,-0.19746202,0.061598334,0.1267059,0.26031202,0.004493338,-0.19084091,-0.059797354,0.08736725,-0.09912467,0.004830002,-0.116048,0.13901633,-0.17418657,0.08740606,0.07679721,-0.113568954,0.012528997,0.0327863,-0.15658629,48.0,48.0,LPS_stimulation,donor_A,False
225,scrna,-0.030444965,-0.048217274,0.03832874,0.02754843,-0.10198543,-0.057460535,0.08795782,-0.049752306,0.28988904,0.034153633,-0.070049144,-0.037354328,0.056412086,0.14403015,-0.047388457,0.044726275,0.02638875,0.12285781,-0.009557455,-0.026286952,-0.18176922,0.12135091,0.11806615,0.012203186,-0.011516836,0.07398521,-0.12315526,0.04822916,0.26692215,0.031819534,-0.08634584,0.18871483,0.0,0.0,LPS_stimulation,donor_B,False
226,scrna,-0.02656934,-0.08531062,-0.08386759,0.14170662,0.15179,-0.07927258,-0.0273105,-0.2467652,0.17449313,0.10355794,0.0980212,-0.012282615,0.15261358,-0.12191959,0.044388637,-0.032477845,0.023517508,-0.16209385,-0.0069709574,-0.00022026538,-0.15828793,-0.06500805,0.2653547,0.037180346,-0.03110286,-0.013579008,-0.06766083,-0.1100998,-0.07682405,-0.00066696154,-0.08110752,0.091084935,6.0,6.0,LPS_stimulation,donor_A,False
227,scrna,0.012149991,-0.0025863815,0.114569016,-0.22656715,-0.03207635,-0.12679136,-0.0958431,-0.036476925,0.008727504,-0.008866773,-0.0129146315,0.06841758,0.032065198,-0.14334677,-0.0326008,-0.0694299,0.07128727,-0.008422503,-0.033091515,0.006044495,-0.052838087,0.11079938,-0.003750369,-0.16339359,-0.089018285,0.06644933,-0.026290303,-0.012745229,0.15065049,-0.059543118,-0.07181513,0.14083333,12.0,12.0,LPS_stimulation,donor_B,False
228,scrna,-0.01787105,-0.09992936,0.11710358,0.042371873,0.09990654,-0.08529633,0.16063729,0.06294975,0.046624627,0.077570684,0.055662457,0.106063426,0.2027988,-0.18617861,-0.02565205,0.06650606,-0.12257328,0.13972594,0.085718356,-0.012997899,0.10747066,-0.060291886,-0.058762427,-0.19983764,0.032501437,-0.07636827,0.0423451,-0.024219954,0.023956146,0.09508929,-0.06133126,0.09060268,24.0,24.0,LPS_stimulation,donor_B,False
229,scrna,-0.07065245,-0.31013867,-0.078540236,-0.037605118,0.051737167,-0.03342285,0.18941641,-0.028053977,-0.07092167,0.18899558,-0.04022776,0.010148456,0.0143461935,-0.19746202,0.061598334,0.1267059,0.26031202,0.004493338,-0.19084091,-0.059797354,0.08736725,-0.09912467,0.004830002,-0.116048,0.13901633,-0.17418657,0.08740606,0.07679721,-0.113568954,0.012528997,0.0327863,-0.15658629,48.0,48.0,LPS_stimulation,donor_A,False
230,scrna,-0.030444965,-0.048217274,0.03832874,0.02754843,-0.10198543,-0.057460535,0.08795782,-0.049752306,0.28988904,0.034153633,-0.070049144,-0.037354328,0.056412086,0.14403015,-0.047388457,0.044726275,0.02638875,0.12285781,-0.009557455,-0.026286952,-0.18176922,0.12135091,0.11806615,0.012203186,-0.011516836,0.07398521,-0.12315526,0.04822916,0.26692215,0.031819534,-0.08634584,0.18871483,0.0,0.0,LPS_stimulation,donor_A,False
231,scrna,-0.02656934,-0.08531062,-0.08386759,0.14170662,0.15179,-0.07927258,-0.0273105,-0.2467652,0.17449313,0.10355794,0.0980212,-0.012282615,0.15261358,-0.12191959,0.044388637,-0.032477845,0.023517508,-0.16209385,-0.0069709574,-0.00022026538,-0.15828793,-0.06500805,0.2653547,0.037180346,-0.03110286,-0.013579008,-0.06766083,-0.1100998,-0.07682405,-0.00066696154,-0.08110752,0.091084935,6.0,6.0,LPS_stimulation,donor_B,False
232,scrna,0.012149991,-0.0025863815,0.114569016,-0.22656715,-0.03207635,-0.12679136,-0.0958431,-0.036476925,0.008727504,-0.008866773,-0.0129146315,0.06841758,0.032065198,-0.14334677,-0.0326008,-0.0694299,0.07128727,-0.008422503,-0.033091515,0.006044495,-0.052838087,0.11079938,-0.003750369,-0.16339359,-0.089018285,0.06644933,-0.026290303,-0.012745229,0.15065049,-0.059543118,-0.07181513,0.14083333,12.0,12.0,LPS_stimulation,donor_A,False
233,scrna,-0.01787105,-0.09992936,0.11710358,0.042371873,0.09990654,-0.08529633,0.16063729,0.06294975,0.046624627,0.077570684,0.055662457,0.106063426,0.2027988,-0.18617861,-0.02565205,0.06650606,-0.12257328,0.13972594,0.085718356,-0.012997899,0.10747066,-0.060291886,-0.058762427,-0.19983764,0.032501437,-0.07636827,0.0423451,-0.024219954,0.023956146,0.09508929,-0.06133126,0.09060268,24.0,24.0,LPS_stimulation,donor_B,False
234,scrna,-0.07065245,-0.31013867,-0.078540236,-0.037605118,0.051737167,-0.03342285,0.18941641,-0.028053977,-0.07092167,0.18899558,-0.04022776,0.010148456,0.0143461935,-0.19746202,0.061598334,0.1267059,0.26031202,0.004493338,-0.19084091,-0.059797354,0.08736725,-0.09912467,0.004830002,-0.116048,0.13901633,-0.17418657,0.08740606,0.07679721,-0.113568954,0.012528997,0.0327863,-0.15658629,48.0,48.0,LPS_stimulation,donor_B,False
235,scrna,-0.030444965,-0.048217274,0.03832874,0.02754843,-0.10198543,-0.057460535,0.08795782,-0.049752306,0.28988904,0.034153633,-0.070049144,-0.037354328,0.056412086,0.14403015,-0.047388457,0.044726275,0.02638875,0.12285781,-0.009557455,-0.026286952,-0.18176922,0.12135091,0.11806615,0.012203186,-0.011516836,0.07398521,-0.12315526,0.04822916,0.26692215,0.031819534,-0.08634584,0.18871483,0.0,0.0,LPS_stimulation,donor_B,False
236,scrna,-0.02656934,-0.08531062,-0.08386759,0.14170662,0.15179,-0.07927258,-0.0273105,-0.2467652,0.17449313,0.10355794,0.0980212,-0.012282615,0.15261358,-0.12191959,0.044388637,-0.032477845,0.023517508,-0.16209385,-0.0069709574,-0.00022026538,-0.15828793,-0.06500805,0.2653547,0.037180346,-0.03110286,-0.013579008,-0.06766083,-0.1100998,-0.07682405,-0.00066696154,-0.08110752,0.091084935,6.0,6.0,LPS_stimulation,donor_B,False
237,scrna,0.012149991,-0.0025863815,0.114569016,-0.22656715,-0.03207635,-0.12679136,-0.0958431,-0.036476925,0.008727504,-0.008866773,-0.0129146315,0.06841758,0.032065198,-0.14334677,-0.0326008,-0.0694299,0.07128727,-0.008422503,-0.033091515,0.006044495,-0.052838087,0.11079938,-0.003750369,-0.16339359,-0.089018285,0.06644933,-0.026290303,-0.012745229,0.15065049,-0.059543118,-0.07181513,0.14083333,12.0,12.0,LPS_stimulation,donor_B,False
238,scrna,-0.01787105,-0.09992936,0.11710358,0.042371873,0.09990654,-0.08529633,0.16063729,0.06294975,0.046624627,0.077570684,0.055662457,0.106063426,0.2027988,-0.18617861,-0.02565205,0.06650606,-0.12257328,0.13972594,0.085718356,-0.012997899,0.10747066,-0.060291886,-0.058762427,-0.19983764,0.032501437,-0.07636827,0.0423451,-0.024219954,0.023956146,0.09508929,-0.06133126,0.09060268,24.0,24.0,LPS_stimulation,donor_A,False
239,scrna,-0.07065245,-0.31013867,-0.078540236,-0.037605118,0.051737167,-0.03342285,0.18941641,-0.028053977,-0.07092167,0.18899558,-0.04022776,0.010148456,0.0143461935,-0.19746202,0.061598334,0.1267059,0.26031202,0.004493338,-0.19084091,-0.059797354,0.08736725,-0.09912467,0.004830002,-0.116048,0.13901633,-0.17418657,0.08740606,0.07679721,-0.113568954,0.012528997,0.0327863,-0.15658629,48.0,48.0,LPS_stimulation,donor_B,False
240,scrna,-0.030444965,-0.048217274,0.03832874,0.02754843,-0.10198543,-0.057460535,0.08795782,-0.049752306,0.28988904,0.034153633,-0.070049144,-0.037354328,0.056412086,0.14403015,-0.047388457,0.044726275,0.02638875,0.12285781,-0.009557455,-0.026286952,-0.18176922,0.12135091,0.11806615,0.012203186,-0.011516836,0.07398521,-0.12315526,0.04822916,0.26692215,0.031819534,-0.08634584,0.18871483,0.0,0.0,LPS_stimulation,donor_B,False
241,scrna,-0.02656934,-0.08531062,-0.08386759,0.14170662,0.15179,-0.07927258,-0.0273105,-0.2467652,0.17449313,0.10355794,0.0980212,-0.012282615,0.15261358,-0.12191959,0.044388637,-0.032477845,0.023517508,-0.16209385,-0.0069709574,-0.00022026538,-0.15828793,-0.06500805,0.2653547,0.037180346,-0.03110286,-0.013579008,-0.06766083,-0.1100998,-0.07682405,-0.00066696154,-0.08110752,0.091084935,6.0,6.0,LPS_stimulation,donor_A,False
242,scrna,0.012149991,-0.0025863815,0.114569016,-0.22656715,-0.03207635,-0.12679136,-0.0958431,-0.036476925,0.008727504,-0.008866773,-0.0129146315,0.06841758,0.032065198,-0.14334677,-0.0326008,-0.0694299,0.07128727,-0.008422503,-0.033091515,0.006044495,-0.052838087,0.11079938,-0.003750369,-0.16339359,-0.089018285,0.06644933,-0.026290303,-0.012745229,0.15065049,-0.059543118,-0.07181513,0.14083333,12.0,12.0,LPS_stimulation,donor_B,False
243,scrna,-0.01787105,-0.09992936,0.11710358,0.042371873,0.09990654,-0.08529633,0.16063729,0.06294975,0.046624627,0.077570684,0.055662457,0.106063426,0.2027988,-0.18617861,-0.02565205,0.06650606,-0.12257328,0.13972594,0.085718356,-0.012997899,0.10747066,-0.060291886,-0.058762427,-0.19983764,0.032501437,-0.07636827,0.0423451,-0.024219954,0.023956146,0.09508929,-0.06133126,0.09060268,24.0,24.0,LPS_stimulation,donor_A,False
244,scrna,-0.07065245,-0.31013867,-0.078540236,-0.037605118,0.051737167,-0.03342285,0.18941641,-0.028053977,-0.07092167,0.18899558,-0.04022776,0.010148456,0.0143461935,-0.19746202,0.061598334,0.1267059,0.26031202,0.004493338,-0.19084091,-0.059797354,0.08736725,-0.09912467,0.004830002,-0.116048,0.13901633,-0.17418657,0.08740606,0.07679721,-0.113568954,0.012528997,0.0327863,-0.15658629,48.0,48.0,LPS_stimulation,donor_A,False
245,scrna,-0.030444965,-0.048217274,0.03832874,0.02754843,-0.10198543,-0.057460535,0.08795782,-0.049752306,0.28988904,0.034153633,-0.070049144,-0.037354328,0.056412086,0.14403015,-0.047388457,0.044726275,0.02638875,0.12285781,-0.009557455,-0.026286952,-0.18176922,0.12135091,0.11806615,0.012203186,-0.011516836,0.07398521,-0.12315526,0.04822916,0.26692215,0.031819534,-0.08634584,0.18871483,0.0,0.0,LPS_stimulation,donor_B,False
246,scrna,-0.02656934,-0.08531062,-0.08386759,0.14170662,0.15179,-0.07927258,-0.0273105,-0.2467652,0.17449313,0.10355794,0.0980212,-0.012282615,0.15261358,-0.12191959,0.044388637,-0.032477845,0.023517508,-0.16209385,-0.0069709574,-0.00022026538,-0.15828793,-0.06500805,0.2653547,0.037180346,-0.03110286,-0.013579008,-0.06766083,-0.1100998,-0.07682405,-0.00066696154,-0.08110752,0.091084935,6.0,6.0,LPS_stimulation,donor_B,False
247,scrna,0.012149991,-0.0025863815,0.114569016,-0.22656715,-0.03207635,-0.12679136,-0.0958431,-0.036476925,0.008727504,-0.008866773,-0.0129146315,0.06841758,0.032065198,-0.14334677,-0.0326008,-0.0694299,0.07128727,-0.008422503,-0.033091515,0.006044495,-0.052838087,0.11079938,-0.003750369,-0.16339359,-0.089018285,0.06644933,-0.026290303,-0.012745229,0.15065049,-0.059543118,-0.07181513,0.14083333,12.0,12.0,LPS_stimulation,donor_B,False
248,scrna,-0.01787105,-0.09992936,0.11710358,0.042371873,0.09990654,-0.08529633,0.16063729,0.06294975,0.046624627,0.077570684,0.055662457,0.106063426,0.2027988,-0.18617861,-0.02565205,0.06650606,-0.12257328,0.13972594,0.085718356,-0.012997899,0.10747066,-0.060291886,-0.058762427,-0.19983764,0.032501437,-0.07636827,0.0423451,-0.024219954,0.023956146,0.09508929,-0.06133126,0.09060268,24.0,24.0,LPS_stimulation,donor_A,False
249,scrna,-0.07065245,-0.31013867,-0.078540236,-0.037605118,0.051737167,-0.03342285,0.18941641,-0.028053977,-0.07092167,0.18899558,-0.04022776,0.010148456,0.0143461935,-0.19746202,0.061598334,0.1267059,0.26031202,0.004493338,-0.19084091,-0.059797354,0.08736725,-0.09912467,0.004830002,-0.116048,0.13901633,-0.17418657,0.08740606,0.07679721,-0.113568954,0.012528997,0.0327863,-0.15658629,48.0,48.0,LPS_stimulation,donor_B,False
250,scrna,-0.030444965,-0.048217274,0.03832874,0.02754843,-0.10198543,-0.057460535,0.08795782,-0.049752306,0.28988904,0.034153633,-0.070049144,-0.037354328,0.056412086,0.14403015,-0.047388457,0.044726275,0.02638875,0.12285781,-0.009557455,-0.026286952,-0.18176922,0.12135091,0.11806615,0.012203186,-0.011516836,0.07398521,-0.12315526,0.04822916,0.26692215,0.031819534,-0.08634584,0.18871483,0.0,0.0,LPS_stimulation,donor_B,False
251,scrna,-0.02656934,-0.08531062,-0.08386759,0.14170662,0.15179,-0.07927258,-0.0273105,-0.2467652,0.17449313,0.10355794,0.0980212,-0.012282615,0.15261358,-0.12191959,0.044388637,-0.032477845,0.023517508,-0.16209385,-0.0069709574,-0.00022026538,-0.15828793,-0.06500805,0.2653547,0.037180346,-0.03110286,-0.013579008,-0.06766083,-0.1100998,-0.07682405,-0.00066696154,-0.08110752,0.091084935,6.0,6.0,LPS_stimulation,donor_A,False
252,scrna,0.012149991,-0.0025863815,0.114569016,-0.22656715,-0.03207635,-0.12679136,-0.0958431,-0.036476925,0.008727504,-0.008866773,-0.0129146315,0.06841758,0.032065198,-0.14334677,-0.0326008,-0.0694299,0.07128727,-0.008422503,-0.033091515,0.006044495,-0.052838087,0.11079938,-0.003750369,-0.16339359,-0.089018285,0.06644933,-0.026290303,-0.012745229,0.15065049,-0.059543118,-0.07181513,0.14083333,12.0,12.0,LPS_stimulation,donor_B,False
253,scrna,-0.01787105,-0.09992936,0.11710358,0.042371873,0.09990654,-0.08529633,0.16063729,0.06294975,0.046624627,0.077570684,0.055662457,0.106063426,0.2027988,-0.18617861,-0.02565205,0.06650606,-0.12257328,0.13972594,0.085718356,-0.012997899,0.10747066,-0.060291886,-0.058762427,-0.19983764,0.032501437,-0.07636827,0.0423451,-0.024219954,0.023956146,0.09508929,-0.06133126,0.09060268,24.0,24.0,LPS_stimulation,donor_A,False
254,scrna,-0.07065245,-0.31013867,-0.078540236,-0.037605118,0.051737167,-0.03342285,0.18941641,-0.028053977,-0.07092167,0.18899558,-0.04022776,0.010148456,0.0143461935,-0.19746202,0.061598334,0.1267059,0.26031202,0.004493338,-0.19084091,-0.059797354,0.08736725,-0.09912467,0.004830002,-0.116048,0.13901633,-0.17418657,0.08740606,0.07679721,-0.113568954,0.012528997,0.0327863,-0.15658629,48.0,48.0,LPS_stimulation,donor_B,False
255,scrna,-0.030444965,-0.048217274,0.03832874,0.02754843,-0.10198543,-0.057460535,0.08795782,-0.049752306,0.28988904,0.034153633,-0.070049144,-0.037354328,0.056412086,0.14403015,-0.047388457,0.044726275,0.02638875,0.12285781,-0.009557455,-0.026286952,-0.18176922,0.12135091,0.11806615,0.012203186,-0.011516836,0.07398521,-0.12315526,0.04822916,0.26692215,0.031819534,-0.08634584,0.18871483,0.0,0.0,LPS_stimulation,donor_B,False
256,scrna,-0.02656934,-0.08531062,-0.08386759,0.14170662,0.15179,-0.07927258,-0.0273105,-0.2467652,0.17449313,0.10355794,0.0980212,-0.012282615,0.15261358,-0.12191959,0.044388637,-0.032477845,0.023517508,-0.16209385,-0.0069709574,-0.00022026538,-0.15828793,-0.06500805,0.2653547,0.037180346,-0.03110286,-0.013579008,-0.06766083,-0.1100998,-0.07682405,-0.00066696154,-0.08110752,0.091084935,6.0,6.0,LPS_stimulation,donor_A,False
257,scrna,0.012149991,-0.0025863815,0.114569016,-0.22656715,-0.03207635,-0.12679136,-0.0958431,-0.036476925,0.008727504,-0.008866773,-0.0129146315,0.06841758,0.032065198,-0.14334677,-0.0326008,-0.0694299,0.07128727,-0.008422503,-0.033091515,0.006044495,-0.052838087,0.11079938,-0.003750369,-0.16339359,-0.089018285,0.06644933,-0.026290303,-0.012745229,0.15065049,-0.059543118,-0.07181513,0.14083333,12.0,12.0,LPS_stimulation,donor_B,False
258,scrna,-0.01787105,-0.09992936,0.11710358,0.042371873,0.09990654,-0.08529633,0.16063729,0.06294975,0.046624627,0.077570684,0.055662457,0.106063426,0.2027988,-0.18617861,-0.02565205,0.06650606,-0.12257328,0.13972594,0.085718356,-0.012997899,0.10747066,-0.060291886,-0.058762427,-0.19983764,0.032501437,-0.07636827,0.0423451,-0.024219954,0.023956146,0.09508929,-0.06133126,0.09060268,24.0,24.0,LPS_stimulation,donor_B,False
259,scrna,-0.07065245,-0.31013867,-0.078540236,-0.037605118,0.051737167,-0.03342285,0.18941641,-0.028053977,-0.07092167,0.18899558,-0.04022776,0.010148456,0.0143461935,-0.19746202,0.061598334,0.1267059,0.26031202,0.004493338,-0.19084091,-0.059797354,0.08736725,-0.09912467,0.004830002,-0.116048,0.13901633,-0.17418657,0.08740606,0.07679721,-0.113568954,0.012528997,0.0327863,-0.15658629,48.0,48.0,LPS_stimulation,donor_A,False
260,scrna,-0.030444965,-0.048217274,0.03832874,0.02754843,-0.10198543,-0.057460535,0.08795782,-0.049752306,0.28988904,0.034153633,-0.070049144,-0.037354328,0.056412086,0.14403015,-0.047388457,0.044726275,0.02638875,0.12285781,-0.009557455,-0.026286952,-0.18176922,0.12135091,0.11806615,0.012203186,-0.011516836,0.07398521,-0.12315526,0.04822916,0.26692215,0.031819534,-0.08634584,0.18871483,0.0,0.0,LPS_stimulation,donor_B,False
261,scrna,-0.02656934,-0.08531062,-0.08386759,0.14170662,0.15179,-0.07927258,-0.0273105,-0.2467652,0.17449313,0.10355794,0.0980212,-0.012282615,0.15261358,-0.12191959,0.044388637,-0.032477845,0.023517508,-0.16209385,-0.0069709574,-0.00022026538,-0.15828793,-0.06500805,0.2653547,0.037180346,-0.03110286,-0.013579008,-0.06766083,-0.1100998,-0.07682405,-0.00066696154,-0.08110752,0.091084935,6.0,6.0,LPS_stimulation,donor_B,False
262,scrna,0.012149991,-0.0025863815,0.114569016,-0.22656715,-0.03207635,-0.12679136,-0.0958431,-0.036476925,0.008727504,-0.008866773,-0.0129146315,0.06841758,0.032065198,-0.14334677,-0.0326008,-0.0694299,0.07128727,-0.008422503,-0.033091515,0.006044495,-0.052838087,0.11079938,-0.003750369,-0.16339359,-0.089018285,0.06644933,-0.026290303,-0.012745229,0.15065049,-0.059543118,-0.07181513,0.14083333,12.0,12.0,LPS_stimulation,donor_A,False
263,scrna,-0.01787105,-0.09992936,0.11710358,0.042371873,0.09990654,-0.08529633,0.16063729,0.06294975,0.046624627,0.077570684,0.055662457,0.106063426,0.2027988,-0.18617861,-0.02565205,0.06650606,-0.12257328,0.13972594,0.085718356,-0.012997899,0.10747066,-0.060291886,-0.058762427,-0.19983764,0.032501437,-0.07636827,0.0423451,-0.024219954,0.023956146,0.09508929,-0.06133126,0.09060268,24.0,24.0,LPS_stimulation,donor_A,False
264,scrna,-0.07065245,-0.31013867,-0.078540236,-0.037605118,0.051737167,-0.03342285,0.18941641,-0.028053977,-0.07092167,0.18899558,-0.04022776,0.010148456,0.0143461935,-0.19746202,0.061598334,0.1267059,0.26031202,0.004493338,-0.19084091,-0.059797354,0.08736725,-0.09912467,0.004830002,-0.116048,0.13901633,-0.17418657,0.08740606,0.07679721,-0.113568954,0.012528997,0.0327863,-0.15658629,48.0,48.0,LPS_stimulation,donor_B,False
265,scrna,-0.030444965,-0.048217274,0.03832874,0.02754843,-0.10198543,-0.057460535,0.08795782,-0.049752306,0.28988904,0.034153633,-0.070049144,-0.037354328,0.056412086,0.14403015,-0.047388457,0.044726275,0.02638875,0.12285781,-0.009557455,-0.026286952,-0.18176922,0.12135091,0.11806615,0.012203186,-0.011516836,0.07398521,-0.12315526,0.04822916,0.26692215,0.031819534,-0.08634584,0.18871483,0.0,0.0,LPS_stimulation,donor_A,False
266,scrna,-0.02656934,-0.08531062,-0.08386759,0.14170662,0.15179,-0.07927258,-0.0273105,-0.2467652,0.17449313,0.10355794,0.0980212,-0.012282615,0.15261358,-0.12191959,0.044388637,-0.032477845,0.023517508,-0.16209385,-0.0069709574,-0.00022026538,-0.15828793,-0.06500805,0.2653547,0.037180346,-0.03110286,-0.013579008,-0.06766083,-0.1100998,-0.07682405,-0.00066696154,-0.08110752,0.091084935,6.0,6.0,LPS_stimulation,donor_B,False
267,scrna,0.012149991,-0.0025863815,0.114569016,-0.22656715,-0.03207635,-0.12679136,-0.0958431,-0.036476925,0.008727504,-0.008866773,-0.0129146315,0.06841758,0.032065198,-0.14334677,-0.0326008,-0.0694299,0.07128727,-0.008422503,-0.033091515,0.006044495,-0.052838087,0.11079938,-0.003750369,-0.16339359,-0.089018285,0.06644933,-0.026290303,-0.012745229,0.15065049,-0.059543118,-0.07181513,0.14083333,12.0,12.0,LPS_stimulation,donor_B,False
268,scrna,-0.01787105,-0.09992936,0.11710358,0.042371873,0.09990654,-0.08529633,0.16063729,0.06294975,0.046624627,0.077570684,0.055662457,0.106063426,0.2027988,-0.18617861,-0.02565205,0.06650606,-0.12257328,0.13972594,0.085718356,-0.012997899,0.10747066,-0.060291886,-0.058762427,-0.19983764,0.032501437,-0.07636827,0.0423451,-0.024219954,0.023956146,0.09508929,-0.06133126,0.09060268,24.0,24.0,LPS_stimulation,donor_B,False
269,scrna,-0.07065245,-0.31013867,-0.078540236,-0.037605118,0.051737167,-0.03342285,0.18941641,-0.028053977,-0.07092167,0.18899558,-0.04022776,0.010148456,0.0143461935,-0.19746202,0.061598334,0.1267059,0.26031202,0.004493338,-0.19084091,-0.059797354,0.08736725,-0.09912467,0.004830002,-0.116048,0.13901633,-0.17418657,0.08740606,0.07679721,-0.113568954,0.012528997,0.0327863,-0.15658629,48.0,48.0,LPS_stimulation,donor_B,False
270,scrna,-0.030444965,-0.048217274,0.03832874,0.02754843,-0.10198543,-0.057460535,0.08795782,-0.049752306,0.28988904,0.034153633,-0.070049144,-0.037354328,0.056412086,0.14403015,-0.047388457,0.044726275,0.02638875,0.12285781,-0.009557455,-0.026286952,-0.18176922,0.12135091,0.11806615,0.012203186,-0.011516836,0.07398521,-0.12315526,0.04822916,0.26692215,0.031819534,-0.08634584,0.18871483,0.0,0.0,LPS_stimulation,donor_B,False
271,scrna,-0.02656934,-0.08531062,-0.08386759,0.14170662,0.15179,-0.07927258,-0.0273105,-0.2467652,0.17449313,0.10355794,0.0980212,-0.012282615,0.15261358,-0.12191959,0.044388637,-0.032477845,0.023517508,-0.16209385,-0.0069709574,-0.00022026538,-0.15828793,-0.06500805,0.2653547,0.037180346,-0.03110286,-0.013579008,-0.06766083,-0.1100998,-0.07682405,-0.00066696154,-0.08110752,0.091084935,6.0,6.0,LPS_stimulation,donor_B,False
272,scrna,0.012149991,-0.0025863815,0.114569016,-0.22656715,-0.03207635,-0.12679136,-0.0958431,-0.036476925,0.008727504,-0.008866773,-0.0129146315,0.06841758,0.032065198,-0.14334677,-0.0326008,-0.0694299,0.07128727,-0.008422503,-0.033091515,0.006044495,-0.052838087,0.11079938,-0.003750369,-0.16339359,-0.089018285,0.06644933,-0.026290303,-0.012745229,0.15065049,-0.059543118,-0.07181513,0.14083333,12.0,12.0,LPS_stimulation,donor_B,False
273,scrna,-0.01787105,-0.09992936,0.11710358,0.042371873,0.09990654,-0.08529633,0.16063729,0.06294975,0.046624627,0.077570684,0.055662457,0.106063426,0.2027988,-0.18617861,-0.02565205,0.06650606,-0.12257328,0.13972594,0.085718356,-0.012997899,0.10747066,-0.060291886,-0.058762427,-0.19983764,0.032501437,-0.07636827,0.0423451,-0.024219954,0.023956146,0.09508929,-0.06133126,0.09060268,24.0,24.0,LPS_stimulation,donor_A,False
274,scrna,-0.07065245,-0.31013867,-0.078540236,-0.037605118,0.051737167,-0.03342285,0.18941641,-0.028053977,-0.07092167,0.18899558,-0.04022776,0.010148456,0.0143461935,-0.19746202,0.061598334,0.1267059,0.26031202,0.004493338,-0.19084091,-0.059797354,0.08736725,-0.09912467,0.004830002,-0.116048,0.13901633,-0.17418657,0.08740606,0.07679721,-0.113568954,0.012528997,0.0327863,-0.15658629,48.0,48.0,LPS_stimulation,donor_A,False
275,scrna,-0.030444965,-0.048217274,0.03832874,0.02754843,-0.10198543,-0.057460535,0.08795782,-0.049752306,0.28988904,0.034153633,-0.070049144,-0.037354328,0.056412086,0.14403015,-0.047388457,0.044726275,0.02638875,0.12285781,-0.009557455,-0.026286952,-0.18176922,0.12135091,0.11806615,0.012203186,-0.011516836,0.07398521,-0.12315526,0.04822916,0.26692215,0.031819534,-0.08634584,0.18871483,0.0,0.0,LPS_stimulation,donor_A,False
276,scrna,-0.02656934,-0.08531062,-0.08386759,0.14170662,0.15179,-0.07927258,-0.0273105,-0.2467652,0.17449313,0.10355794,0.0980212,-0.012282615,0.15261358,-0.12191959,0.044388637,-0.032477845,0.023517508,-0.16209385,-0.0069709574,-0.00022026538,-0.15828793,-0.06500805,0.2653547,0.037180346,-0.03110286,-0.013579008,-0.06766083,-0.1100998,-0.07682405,-0.00066696154,-0.08110752,0.091084935,6.0,6.0,LPS_stimulation,donor_B,False
277,scrna,0.012149991,-0.0025863815,0.114569016,-0.22656715,-0.03207635,-0.12679136,-0.0958431,-0.036476925,0.008727504,-0.008866773,-0.0129146315,0.06841758,0.032065198,-0.14334677,-0.0326008,-0.0694299,0.07128727,-0.008422503,-0.033091515,0.006044495,-0.052838087,0.11079938,-0.003750369,-0.16339359,-0.089018285,0.06644933,-0.026290303,-0.012745229,0.15065049,-0.059543118,-0.07181513,0.14083333,12.0,12.0,LPS_stimulation,donor_A,False
278,scrna,-0.01787105,-0.09992936,0.11710358,0.042371873,0.09990654,-0.08529633,0.16063729,0.06294975,0.046624627,0.077570684,0.055662457,0.106063426,0.2027988,-0.18617861,-0.02565205,0.06650606,-0.12257328,0.13972594,0.085718356,-0.012997899,0.10747066,-0.060291886,-0.058762427,-0.19983764,0.032501437,-0.07636827,0.0423451,-0.024219954,0.023956146,0.09508929,-0.06133126,0.09060268,24.0,24.0,LPS_stimulation,donor_B,False
279,scrna,-0.07065245,-0.31013867,-0.078540236,-0.037605118,0.051737167,-0.03342285,0.18941641,-0.028053977,-0.07092167,0.18899558,-0.04022776,0.010148456,0.0143461935,-0.19746202,0.061598334,0.1267059,0.26031202,0.004493338,-0.19084091,-0.059797354,0.08736725,-0.09912467,0.004830002,-0.116048,0.13901633,-0.17418657,0.08740606,0.07679721,-0.113568954,0.012528997,0.0327863,-0.15658629,48.0,48.0,LPS_stimulation,donor_A,False
280,scrna,-0.030444965,-0.048217274,0.03832874,0.02754843,-0.10198543,-0.057460535,0.08795782,-0.049752306,0.28988904,0.034153633,-0.070049144,-0.037354328,0.056412086,0.14403015,-0.047388457,0.044726275,0.02638875,0.12285781,-0.009557455,-0.026286952,-0.18176922,0.12135091,0.11806615,0.012203186,-0.011516836,0.07398521,-0.12315526,0.04822916,0.26692215,0.031819534,-0.08634584,0.18871483,0.0,0.0,LPS_stimulation,donor_B,False
281,scrna,-0.02656934,-0.08531062,-0.08386759,0.14170662,0.15179,-0.07927258,-0.0273105,-0.2467652,0.17449313,0.10355794,0.0980212,-0.012282615,0.15261358,-0.12191959,0.044388637,-0.032477845,0.023517508,-0.16209385,-0.0069709574,-0.00022026538,-0.15828793,-0.06500805,0.2653547,0.037180346,-0.03110286,-0.013579008,-0.06766083,-0.1100998,-0.07682405,-0.00066696154,-0.08110752,0.091084935,6.0,6.0,LPS_stimulation,donor_B,False
282,scrna,0.012149991,-0.0025863815,0.114569016,-0.22656715,-0.03207635,-0.12679136,-0.0958431,-0.036476925,0.008727504,-0.008866773,-0.0129146315,0.06841758,0.032065198,-0.14334677,-0.0326008,-0.0694299,0.07128727,-0.008422503,-0.033091515,0.006044495,-0.052838087,0.11079938,-0.003750369,-0.16339359,-0.089018285,0.06644933,-0.026290303,-0.012745229,0.15065049,-0.059543118,-0.07181513,0.14083333,12.0,12.0,LPS_stimulation,donor_A,False
283,scrna,-0.01787105,-0.09992936,0.11710358,0.042371873,0.09990654,-0.08529633,0.16063729,0.06294975,0.046624627,0.077570684,0.055662457,0.106063426,0.2027988,-0.18617861,-0.02565205,0.06650606,-0.12257328,0.13972594,0.085718356,-0.012997899,0.10747066,-0.060291886,-0.058762427,-0.19983764,0.032501437,-0.07636827,0.0423451,-0.024219954,0.023956146,0.09508929,-0.06133126,0.09060268,24.0,24.0,LPS_stimulation,donor_A,False
284,scrna,-0.07065245,-0.31013867,-0.078540236,-0.037605118,0.051737167,-0.03342285,0.18941641,-0.028053977,-0.07092167,0.18899558,-0.04022776,0.010148456,0.0143461935,-0.19746202,0.061598334,0.1267059,0.26031202,0.004493338,-0.19084091,-0.059797354,0.08736725,-0.09912467,0.004830002,-0.116048,0.13901633,-0.17418657,0.08740606,0.07679721,-0.113568954,0.012528997,0.0327863,-0.15658629,48.0,48.0,LPS_stimulation,donor_B,False
285,scrna,-0.030444965,-0.048217274,0.03832874,0.02754843,-0.10198543,-0.057460535,0.08795782,-0.049752306,0.28988904,0.034153633,-0.070049144,-0.037354328,0.056412086,0.14403015,-0.047388457,0.044726275,0.02638875,0.12285781,-0.009557455,-0.026286952,-0.18176922,0.12135091,0.11806615,0.012203186,-0.011516836,0.07398521,-0.12315526,0.04822916,0.26692215,0.031819534,-0.08634584,0.18871483,0.0,0.0,LPS_stimulation,donor_A,False
286,scrna,-0.02656934,-0.08531062,-0.08386759,0.14170662,0.15179,-0.07927258,-0.0273105,-0.2467652,0.17449313,0.10355794,0.0980212,-0.012282615,0.15261358,-0.12191959,0.044388637,-0.032477845,0.023517508,-0.16209385,-0.0069709574,-0.00022026538,-0.15828793,-0.06500805,0.2653547,0.037180346,-0.03110286,-0.013579008,-0.06766083,-0.1100998,-0.07682405,-0.00066696154,-0.08110752,0.091084935,6.0,6.0,LPS_stimulation,donor_A,False
287,scrna,0.012149991,-0.0025863815,0.114569016,-0.22656715,-0.03207635,-0.12679136,-0.0958431,-0.036476925,0.008727504,-0.008866773,-0.0129146315,0.06841758,0.032065198,-0.14334677,-0.0326008,-0.0694299,0.07128727,-0.008422503,-0.033091515,0.006044495,-0.052838087,0.11079938,-0.003750369,-0.16339359,-0.089018285,0.06644933,-0.026290303,-0.012745229,0.15065049,-0.059543118,-0.07181513,0.14083333,12.0,12.0,LPS_stimulation,donor_A,False
288,scrna,-0.01787105,-0.09992936,0.11710358,0.042371873,0.09990654,-0.08529633,0.16063729,0.06294975,0.046624627,0.077570684,0.055662457,0.106063426,0.2027988,-0.18617861,-0.02565205,0.06650606,-0.12257328,0.13972594,0.085718356,-0.012997899,0.10747066,-0.060291886,-0.058762427,-0.19983764,0.032501437,-0.07636827,0.0423451,-0.024219954,0.023956146,0.09508929,-0.06133126,0.09060268,24.0,24.0,LPS_stimulation,donor_A,False
289,scrna,-0.07065245,-0.31013867,-0.078540236,-0.037605118,0.051737167,-0.03342285,0.18941641,-0.028053977,-0.07092167,0.18899558,-0.04022776,0.010148456,0.0143461935,-0.19746202,0.061598334,0.1267059,0.26031202,0.004493338,-0.19084091,-0.059797354,0.08736725,-0.09912467,0.004830002,-0.116048,0.13901633,-0.17418657,0.08740606,0.07679721,-0.113568954,0.012528997,0.0327863,-0.15658629,48.0,48.0,LPS_stimulation,donor_A,False
290,scrna,-0.030444965,-0.048217274,0.03832874,0.02754843,-0.10198543,-0.057460535,0.08795782,-0.049752306,0.28988904,0.034153633,-0.070049144,-0.037354328,0.056412086,0.14403015,-0.047388457,0.044726275,0.02638875,0.12285781,-0.009557455,-0.026286952,-0.18176922,0.12135091,0.11806615,0.012203186,-0.011516836,0.07398521,-0.12315526,0.04822916,0.26692215,0.031819534,-0.08634584,0.18871483,0.0,0.0,LPS_stimulation,donor_B,False
291,scrna,-0.02656934,-0.08531062,-0.08386759,0.14170662,0.15179,-0.07927258,-0.0273105,-0.2467652,0.17449313,0.10355794,0.0980212,-0.012282615,0.15261358,-0.12191959,0.044388637,-0.032477845,0.023517508,-0.16209385,-0.0069709574,-0.00022026538,-0.15828793,-0.06500805,0.2653547,0.037180346,-0.03110286,-0.013579008,-0.06766083,-0.1100998,-0.07682405,-0.00066696154,-0.08110752,0.091084935,6.0,6.0,LPS_stimulation,donor_B,False
292,scrna,0.012149991,-0.0025863815,0.114569016,-0.22656715,-0.03207635,-0.12679136,-0.0958431,-0.036476925,0.008727504,-0.008866773,-0.0129146315,0.06841758,0.032065198,-0.14334677,-0.0326008,-0.0694299,0.07128727,-0.008422503,-0.033091515,0.006044495,-0.052838087,0.11079938,-0.003750369,-0.16339359,-0.089018285,0.06644933,-0.026290303,-0.012745229,0.15065049,-0.059543118,-0.07181513,0.14083333,12.0,12.0,LPS_stimulation,donor_A,False
293,scrna,-0.01787105,-0.09992936,0.11710358,0.042371873,0.09990654,-0.08529633,0.16063729,0.06294975,0.046624627,0.077570684,0.055662457,0.106063426,0.2027988,-0.18617861,-0.02565205,0.06650606,-0.12257328,0.13972594,0.085718356,-0.012997899,0.10747066,-0.060291886,-0.058762427,-0.19983764,0.032501437,-0.07636827,0.0423451,-0.024219954,0.023956146,0.09508929,-0.06133126,0.09060268,24.0,24.0,LPS_stimulation,donor_A,False
294,scrna,-0.07065245,-0.31013867,-0.078540236,-0.037605118,0.051737167,-0.03342285,0.18941641,-0.028053977,-0.07092167,0.18899558,-0.04022776,0.010148456,0.0143461935,-0.19746202,0.061598334,0.1267059,0.26031202,0.004493338,-0.19084091,-0.059797354,0.08736725,-0.09912467,0.004830002,-0.116048,0.13901633,-0.17418657,0.08740606,0.07679721,-0.113568954,0.012528997,0.0327863,-0.15658629,48.0,48.0,LPS_stimulation,donor_A,False
295,scrna,-0.030444965,-0.048217274,0.03832874,0.02754843,-0.10198543,-0.057460535,0.08795782,-0.049752306,0.28988904,0.034153633,-0.070049144,-0.037354328,0.056412086,0.14403015,-0.047388457,0.044726275,0.02638875,0.12285781,-0.009557455,-0.026286952,-0.18176922,0.12135091,0.11806615,0.012203186,-0.011516836,0.07398521,-0.12315526,0.04822916,0.26692215,0.031819534,-0.08634584,0.18871483,0.0,0.0,LPS_stimulation,donor_A,False
296,scrna,-0.02656934,-0.08531062,-0.08386759,0.14170662,0.15179,-0.07927258,-0.0273105,-0.2467652,0.17449313,0.10355794,0.0980212,-0.012282615,0.15261358,-0.12191959,0.044388637,-0.032477845,0.023517508,-0.16209385,-0.0069709574,-0.00022026538,-0.15828793,-0.06500805,0.2653547,0.037180346,-0.03110286,-0.013579008,-0.06766083,-0.1100998,-0.07682405,-0.00066696154,-0.08110752,0.091084935,6.0,6.0,LPS_stimulation,donor_B,False
297,scrna,0.012149991,-0.0025863815,0.114569016,-0.22656715,-0.03207635,-0.12679136,-0.0958431,-0.036476925,0.008727504,-0.008866773,-0.0129146315,0.06841758,0.032065198,-0.14334677,-0.0326008,-0.0694299,0.07128727,-0.008422503,-0.033091515,0.006044495,-0.052838087,0.11079938,-0.003750369,-0.16339359,-0.089018285,0.06644933,-0.026290303,-0.012745229,0.15065049,-0.059543118,-0.07181513,0.14083333,12.0,12.0,LPS_stimulation,donor_B,False
298,scrna,-0.01787105,-0.09992936,0.11710358,0.042371873,0.09990654,-0.08529633,0.16063729,0.06294975,0.046624627,0.077570684,0.055662457,0.106063426,0.2027988,-0.18617861,-0.02565205,0.06650606,-0.12257328,0.13972594,0.085718356,-0.012997899,0.10747066,-0.060291886,-0.058762427,-0.19983764,0.032501437,-0.07636827,0.0423451,-0.024219954,0.023956146,0.09508929,-0.06133126,0.09060268,24.0,24.0,LPS_stimulation,donor_A,False
299,scrna,-0.07065245,-0.31013867,-0.078540236,-0.037605118,0.051737167,-0.03342285,0.18941641,-0.028053977,-0.07092167,0.18899558,-0.04022776,0.010148456,0.0143461935,-0.19746202,0.061598334,0.1267059,0.26031202,0.004493338,-0.19084091,-0.059797354,0.08736725,-0.09912467,0.004830002,-0.116048,0.13901633,-0.17418657,0.08740606,0.07679721,-0.113568954,0.012528997,0.0327863,-0.15658629,48.0,48.0,LPS_stimulation,donor_B,False
300,scrna,-0.030444965,-0.048217274,0.03832874,0.02754843,-0.10198543,-0.057460535,0.08795782,-0.049752306,0.28988904,0.034153633,-0.070049144,-0.037354328,0.056412086,0.14403015,-0.047388457,0.044726275,0.02638875,0.12285781,-0.009557455,-0.026286952,-0.18176922,0.12135091,0.11806615,0.012203186,-0.011516836,0.07398521,-0.12315526,0.04822916,0.26692215,0.031819534,-0.08634584,0.18871483,0.0,0.0,LPS_stimulation,donor_B,False
301,scrna,-0.02656934,-0.08531062,-0.08386759,0.14170662,0.15179,-0.07927258,-0.0273105,-0.2467652,0.17449313,0.10355794,0.0980212,-0.012282615,0.15261358,-0.12191959,0.044388637,-0.032477845,0.023517508,-0.16209385,-0.0069709574,-0.00022026538,-0.15828793,-0.06500805,0.2653547,0.037180346,-0.03110286,-0.013579008,-0.06766083,-0.1100998,-0.07682405,-0.00066696154,-0.08110752,0.091084935,6.0,6.0,LPS_stimulation,donor_B,False
302,scrna,0.012149991,-0.0025863815,0.114569016,-0.22656715,-0.03207635,-0.12679136,-0.0958431,-0.036476925,0.008727504,-0.008866773,-0.0129146315,0.06841758,0.032065198,-0.14334677,-0.0326008,-0.0694299,0.07128727,-0.008422503,-0.033091515,0.006044495,-0.052838087,0.11079938,-0.003750369,-0.16339359,-0.089018285,0.06644933,-0.026290303,-0.012745229,0.15065049,-0.059543118,-0.07181513,0.14083333,12.0,12.0,LPS_stimulation,donor_B,False
303,scrna,-0.01787105,-0.09992936,0.11710358,0.042371873,0.09990654,-0.08529633,0.16063729,0.06294975,0.046624627,0.077570684,0.055662457,0.106063426,0.2027988,-0.18617861,-0.02565205,0.06650606,-0.12257328,0.13972594,0.085718356,-0.012997899,0.10747066,-0.060291886,-0.058762427,-0.19983764,0.032501437,-0.07636827,0.0423451,-0.024219954,0.023956146,0.09508929,-0.06133126,0.09060268,24.0,24.0,LPS_stimulation,donor_B,False
304,scrna,-0.07065245,-0.31013867,-0.078540236,-0.037605118,0.051737167,-0.03342285,0.18941641,-0.028053977,-0.07092167,0.18899558,-0.04022776,0.010148456,0.0143461935,-0.19746202,0.061598334,0.1267059,0.26031202,0.004493338,-0.19084091,-0.059797354,0.08736725,-0.09912467,0.004830002,-0.116048,0.13901633,-0.17418657,0.08740606,0.07679721,-0.113568954,0.012528997,0.0327863,-0.15658629,48.0,48.0,LPS_stimulation,donor_A,False
305,scrna,-0.030444965,-0.048217274,0.03832874,0.02754843,-0.10198543,-0.057460535,0.08795782,-0.049752306,0.28988904,0.034153633,-0.070049144,-0.037354328,0.056412086,0.14403015,-0.047388457,0.044726275,0.02638875,0.12285781,-0.009557455,-0.026286952,-0.18176922,0.12135091,0.11806615,0.012203186,-0.011516836,0.07398521,-0.12315526,0.04822916,0.26692215,0.031819534,-0.08634584,0.18871483,0.0,0.0,LPS_stimulation,donor_A,False
306,scrna,-0.02656934,-0.08531062,-0.08386759,0.14170662,0.15179,-0.07927258,-0.0273105,-0.2467652,0.17449313,0.10355794,0.0980212,-0.012282615,0.15261358,-0.12191959,0.044388637,-0.032477845,0.023517508,-0.16209385,-0.0069709574,-0.00022026538,-0.15828793,-0.06500805,0.2653547,0.037180346,-0.03110286,-0.013579008,-0.06766083,-0.1100998,-0.07682405,-0.00066696154,-0.08110752,0.091084935,6.0,6.0,LPS_stimulation,donor_B,False
307,scrna,0.012149991,-0.0025863815,0.114569016,-0.22656715,-0.03207635,-0.12679136,-0.0958431,-0.036476925,0.008727504,-0.008866773,-0.0129146315,0.06841758,0.032065198,-0.14334677,-0.0326008,-0.0694299,0.07128727,-0.008422503,-0.033091515,0.006044495,-0.052838087,0.11079938,-0.003750369,-0.16339359,-0.089018285,0.06644933,-0.026290303,-0.012745229,0.15065049,-0.059543118,-0.07181513,0.14083333,12.0,12.0,LPS_stimulation,donor_B,False
308,scrna,-0.01787105,-0.09992936,0.11710358,0.042371873,0.09990654,-0.08529633,0.16063729,0.06294975,0.046624627,0.077570684,0.055662457,0.106063426,0.2027988,-0.18617861,-0.02565205,0.06650606,-0.12257328,0.13972594,0.085718356,-0.012997899,0.10747066,-0.060291886,-0.058762427,-0.19983764,0.032501437,-0.07636827,0.0423451,-0.024219954,0.023956146,0.09508929,-0.06133126,0.09060268,24.0,24.0,LPS_stimulation,donor_A,False
309,scrna,-0.07065245,-0.31013867,-0.078540236,-0.037605118,0.051737167,-0.03342285,0.18941641,-0.028053977,-0.07092167,0.18899558,-0.04022776,0.010148456,0.0143461935,-0.19746202,0.061598334,0.1267059,0.26031202,0.004493338,-0.19084091,-0.059797354,0.08736725,-0.09912467,0.004830002,-0.116048,0.13901633,-0.17418657,0.08740606,0.07679721,-0.113568954,0.012528997,0.0327863,-0.15658629,48.0,48.0,LPS_stimulation,donor_A,False
310,scrna,-0.030444965,-0.048217274,0.03832874,0.02754843,-0.10198543,-0.057460535,0.08795782,-0.049752306,0.28988904,0.034153633,-0.070049144,-0.037354328,0.056412086,0.14403015,-0.047388457,0.044726275,0.02638875,0.12285781,-0.009557455,-0.026286952,-0.18176922,0.12135091,0.11806615,0.012203186,-0.011516836,0.07398521,-0.12315526,0.04822916,0.26692215,0.031819534,-0.08634584,0.18871483,0.0,0.0,LPS_stimulation,donor_A,False
311,scrna,-0.02656934,-0.08531062,-0.08386759,0.14170662,0.15179,-0.07927258,-0.0273105,-0.2467652,0.17449313,0.10355794,0.0980212,-0.012282615,0.15261358,-0.12191959,0.044388637,-0.032477845,0.023517508,-0.16209385,-0.0069709574,-0.00022026538,-0.15828793,-0.06500805,0.2653547,0.037180346,-0.03110286,-0.013579008,-0.06766083,-0.1100998,-0.07682405,-0.00066696154,-0.08110752,0.091084935,6.0,6.0,LPS_stimulation,donor_A,False
312,scrna,0.012149991,-0.0025863815,0.114569016,-0.22656715,-0.03207635,-0.12679136,-0.0958431,-0.036476925,0.008727504,-0.008866773,-0.0129146315,0.06841758,0.032065198,-0.14334677,-0.0326008,-0.0694299,0.07128727,-0.008422503,-0.033091515,0.006044495,-0.052838087,0.11079938,-0.003750369,-0.16339359,-0.089018285,0.06644933,-0.026290303,-0.012745229,0.15065049,-0.059543118,-0.07181513,0.14083333,12.0,12.0,LPS_stimulation,donor_A,False
313,scrna,-0.01787105,-0.09992936,0.11710358,0.042371873,0.09990654,-0.08529633,0.16063729,0.06294975,0.046624627,0.077570684,0.055662457,0.106063426,0.2027988,-0.18617861,-0.02565205,0.06650606,-0.12257328,0.13972594,0.085718356,-0.012997899,0.10747066,-0.060291886,-0.058762427,-0.19983764,0.032501437,-0.07636827,0.0423451,-0.024219954,0.023956146,0.09508929,-0.06133126,0.09060268,24.0,24.0,LPS_stimulation,donor_A,False
314,scrna,-0.07065245,-0.31013867,-0.078540236,-0.037605118,0.051737167,-0.03342285,0.18941641,-0.028053977,-0.07092167,0.18899558,-0.04022776,0.010148456,0.0143461935,-0.19746202,0.061598334,0.1267059,0.26031202,0.004493338,-0.19084091,-0.059797354,0.08736725,-0.09912467,0.004830002,-0.116048,0.13901633,-0.17418657,0.08740606,0.07679721,-0.113568954,0.012528997,0.0327863,-0.15658629,48.0,48.0,LPS_stimulation,donor_A,False
315,scrna,-0.030444965,-0.048217274,0.03832874,0.02754843,-0.10198543,-0.057460535,0.08795782,-0.049752306,0.28988904,0.034153633,-0.070049144,-0.037354328,0.056412086,0.14403015,-0.047388457,0.044726275,0.02638875,0.12285781,-0.009557455,-0.026286952,-0.18176922,0.12135091,0.11806615,0.012203186,-0.011516836,0.07398521,-0.12315526,0.04822916,0.26692215,0.031819534,-0.08634584,0.18871483,0.0,0.0,LPS_stimulation,donor_A,False
316,scrna,-0.02656934,-0.08531062,-0.08386759,0.14170662,0.15179,-0.07927258,-0.0273105,-0.2467652,0.17449313,0.10355794,0.0980212,-0.012282615,0.15261358,-0.12191959,0.044388637,-0.032477845,0.023517508,-0.16209385,-0.0069709574,-0.00022026538,-0.15828793,-0.06500805,0.2653547,0.037180346,-0.03110286,-0.013579008,-0.06766083,-0.1100998,-0.07682405,-0.00066696154,-0.08110752,0.091084935,6.0,6.0,LPS_stimulation,donor_B,False
317,scrna,0.012149991,-0.0025863815,0.114569016,-0.22656715,-0.03207635,-0.12679136,-0.0958431,-0.036476925,0.008727504,-0.008866773,-0.0129146315,0.06841758,0.032065198,-0.14334677,-0.0326008,-0.0694299,0.07128727,-0.008422503,-0.033091515,0.006044495,-0.052838087,0.11079938,-0.003750369,-0.16339359,-0.089018285,0.06644933,-0.026290303,-0.012745229,0.15065049,-0.059543118,-0.07181513,0.14083333,12.0,12.0,LPS_stimulation,donor_B,False
318,scrna,-0.01787105,-0.09992936,0.11710358,0.042371873,0.09990654,-0.08529633,0.16063729,0.06294975,0.046624627,0.077570684,0.055662457,0.106063426,0.2027988,-0.18617861,-0.02565205,0.06650606,-0.12257328,0.13972594,0.085718356,-0.012997899,0.10747066,-0.060291886,-0.058762427,-0.19983764,0.032501437,-0.07636827,0.0423451,-0.024219954,0.023956146,0.09508929,-0.06133126,0.09060268,24.0,24.0,LPS_stimulation,donor_A,False
319,scrna,-0.07065245,-0.31013867,-0.078540236,-0.037605118,0.051737167,-0.03342285,0.18941641,-0.028053977,-0.07092167,0.18899558,-0.04022776,0.010148456,0.0143461935,-0.19746202,0.061598334,0.1267059,0.26031202,0.004493338,-0.19084091,-0.059797354,0.08736725,-0.09912467,0.004830002,-0.116048,0.13901633,-0.17418657,0.08740606,0.07679721,-0.113568954,0.012528997,0.0327863,-0.15658629,48.0,48.0,LPS_stimulation,donor_A,False
320,scrna,-0.030444965,-0.048217274,0.03832874,0.02754843,-0.10198543,-0.057460535,0.08795782,-0.049752306,0.28988904,0.034153633,-0.070049144,-0.037354328,0.056412086,0.14403015,-0.047388457,0.044726275,0.02638875,0.12285781,-0.009557455,-0.026286952,-0.18176922,0.12135091,0.11806615,0.012203186,-0.011516836,0.07398521,-0.12315526,0.04822916,0.26692215,0.031819534,-0.08634584,0.18871483,0.0,0.0,LPS_stimulation,donor_A,False
321,scrna,-0.02656934,-0.08531062,-0.08386759,0.14170662,0.15179,-0.07927258,-0.0273105,-0.2467652,0.17449313,0.10355794,0.0980212,-0.012282615,0.15261358,-0.12191959,0.044388637,-0.032477845,0.023517508,-0.16209385,-0.0069709574,-0.00022026538,-0.15828793,-0.06500805,0.2653547,0.037180346,-0.03110286,-0.013579008,-0.06766083,-0.1100998,-0.07682405,-0.00066696154,-0.08110752,0.091084935,6.0,6.0,LPS_stimulation,donor_B,False
322,scrna,0.012149991,-0.0025863815,0.114569016,-0.22656715,-0.03207635,-0.12679136,-0.0958431,-0.036476925,0.008727504,-0.008866773,-0.0129146315,0.06841758,0.032065198,-0.14334677,-0.0326008,-0.0694299,0.07128727,-0.008422503,-0.033091515,0.006044495,-0.052838087,0.11079938,-0.003750369,-0.16339359,-0.089018285,0.06644933,-0.026290303,-0.012745229,0.15065049,-0.059543118,-0.07181513,0.14083333,12.0,12.0,LPS_stimulation,donor_B,False
323,scrna,-0.01787105,-0.09992936,0.11710358,0.042371873,0.09990654,-0.08529633,0.16063729,0.06294975,0.046624627,0.077570684,0.055662457,0.106063426,0.2027988,-0.18617861,-0.02565205,0.06650606,-0.12257328,0.13972594,0.085718356,-0.012997899,0.10747066,-0.060291886,-0.058762427,-0.19983764,0.032501437,-0.07636827,0.0423451,-0.024219954,0.023956146,0.09508929,-0.06133126,0.09060268,24.0,24.0,LPS_stimulation,donor_B,False
324,scrna,-0.07065245,-0.31013867,-0.078540236,-0.037605118,0.051737167,-0.03342285,0.18941641,-0.028053977,-0.07092167,0.18899558,-0.04022776,0.010148456,0.0143461935,-0.19746202,0.061598334,0.1267059,0.26031202,0.004493338,-0.19084091,-0.059797354,0.08736725,-0.09912467,0.004830002,-0.116048,0.13901633,-0.17418657,0.08740606,0.07679721,-0.113568954,0.012528997,0.0327863,-0.15658629,48.0,48.0,LPS_stimulation,donor_B,False
325,scrna,-0.030444965,-0.048217274,0.03832874,0.02754843,-0.10198543,-0.057460535,0.08795782,-0.049752306,0.28988904,0.034153633,-0.070049144,-0.037354328,0.056412086,0.14403015,-0.047388457,0.044726275,0.02638875,0.12285781,-0.009557455,-0.026286952,-0.18176922,0.12135091,0.11806615,0.012203186,-0.011516836,0.07398521,-0.12315526,0.04822916,0.26692215,0.031819534,-0.08634584,0.18871483,0.0,0.0,LPS_stimulation,donor_B,False
326,scrna,-0.02656934,-0.08531062,-0.08386759,0.14170662,0.15179,-0.07927258,-0.0273105,-0.2467652,0.17449313,0.10355794,0.0980212,-0.012282615,0.15261358,-0.12191959,0.044388637,-0.032477845,0.023517508,-0.16209385,-0.0069709574,-0.00022026538,-0.15828793,-0.06500805,0.2653547,0.037180346,-0.03110286,-0.013579008,-0.06766083,-0.1100998,-0.07682405,-0.00066696154,-0.08110752,0.091084935,6.0,6.0,LPS_stimulation,donor_A,False
327,scrna,0.012149991,-0.0025863815,0.114569016,-0.22656715,-0.03207635,-0.12679136,-0.0958431,-0.036476925,0.008727504,-0.008866773,-0.0129146315,0.06841758,0.032065198,-0.14334677,-0.0326008,-0.0694299,0.07128727,-0.008422503,-0.033091515,0.006044495,-0.052838087,0.11079938,-0.003750369,-0.16339359,-0.089018285,0.06644933,-0.026290303,-0.012745229,0.15065049,-0.059543118,-0.07181513,0.14083333,12.0,12.0,LPS_stimulation,donor_A,False
328,scrna,-0.01787105,-0.09992936,0.11710358,0.042371873,0.09990654,-0.08529633,0.16063729,0.06294975,0.046624627,0.077570684,0.055662457,0.106063426,0.2027988,-0.18617861,-0.02565205,0.06650606,-0.12257328,0.13972594,0.085718356,-0.012997899,0.10747066,-0.060291886,-0.058762427,-0.19983764,0.032501437,-0.07636827,0.0423451,-0.024219954,0.023956146,0.09508929,-0.06133126,0.09060268,24.0,24.0,LPS_stimulation,donor_B,False
329,scrna,-0.07065245,-0.31013867,-0.078540236,-0.037605118,0.051737167,-0.03342285,0.18941641,-0.028053977,-0.07092167,0.18899558,-0.04022776,0.010148456,0.0143461935,-0.19746202,0.061598334,0.1267059,0.26031202,0.004493338,-0.19084091,-0.059797354,0.08736725,-0.09912467,0.004830002,-0.116048,0.13901633,-0.17418657,0.08740606,0.07679721,-0.113568954,0.012528997,0.0327863,-0.15658629,48.0,48.0,LPS_stimulation,donor_A,False
330,scrna,-0.030444965,-0.048217274,0.03832874,0.02754843,-0.10198543,-0.057460535,0.08795782,-0.049752306,0.28988904,0.034153633,-0.070049144,-0.037354328,0.056412086,0.14403015,-0.047388457,0.044726275,0.02638875,0.12285781,-0.009557455,-0.026286952,-0.18176922,0.12135091,0.11806615,0.012203186,-0.011516836,0.07398521,-0.12315526,0.04822916,0.26692215,0.031819534,-0.08634584,0.18871483,0.0,0.0,LPS_stimulation,donor_B,False
331,scrna,-0.02656934,-0.08531062,-0.08386759,0.14170662,0.15179,-0.07927258,-0.0273105,-0.2467652,0.17449313,0.10355794,0.0980212,-0.012282615,0.15261358,-0.12191959,0.044388637,-0.032477845,0.023517508,-0.16209385,-0.0069709574,-0.00022026538,-0.15828793,-0.06500805,0.2653547,0.037180346,-0.03110286,-0.013579008,-0.06766083,-0.1100998,-0.07682405,-0.00066696154,-0.08110752,0.091084935,6.0,6.0,LPS_stimulation,donor_B,False
332,scrna,0.012149991,-0.0025863815,0.114569016,-0.22656715,-0.03207635,-0.12679136,-0.0958431,-0.036476925,0.008727504,-0.008866773,-0.0129146315,0.06841758,0.032065198,-0.14334677,-0.0326008,-0.0694299,0.07128727,-0.008422503,-0.033091515,0.006044495,-0.052838087,0.11079938,-0.003750369,-0.16339359,-0.089018285,0.06644933,-0.026290303,-0.012745229,0.15065049,-0.059543118,-0.07181513,0.14083333,12.0,12.0,LPS_stimulation,donor_A,False
333,scrna,-0.01787105,-0.09992936,0.11710358,0.042371873,0.09990654,-0.08529633,0.16063729,0.06294975,0.046624627,0.077570684,0.055662457,0.106063426,0.2027988,-0.18617861,-0.02565205,0.06650606,-0.12257328,0.13972594,0.085718356,-0.012997899,0.10747066,-0.060291886,-0.058762427,-0.19983764,0.032501437,-0.07636827,0.0423451,-0.024219954,0.023956146,0.09508929,-0.06133126,0.09060268,24.0,24.0,LPS_stimulation,donor_A,False
334,scrna,-0.07065245,-0.31013867,-0.078540236,-0.037605118,0.051737167,-0.03342285,0.18941641,-0.028053977,-0.07092167,0.18899558,-0.04022776,0.010148456,0.0143461935,-0.19746202,0.061598334,0.1267059,0.26031202,0.004493338,-0.19084091,-0.059797354,0.08736725,-0.09912467,0.004830002,-0.116048,0.13901633,-0.17418657,0.08740606,0.07679721,-0.113568954,0.012528997,0.0327863,-0.15658629,48.0,48.0,LPS_stimulation,donor_A,False
335,scrna,-0.030444965,-0.048217274,0.03832874,0.02754843,-0.10198543,-0.057460535,0.08795782,-0.049752306,0.28988904,0.034153633,-0.070049144,-0.037354328,0.056412086,0.14403015,-0.047388457,0.044726275,0.02638875,0.12285781,-0.009557455,-0.026286952,-0.18176922,0.12135091,0.11806615,0.012203186,-0.011516836,0.07398521,-0.12315526,0.04822916,0.26692215,0.031819534,-0.08634584,0.18871483,0.0,0.0,LPS_stimulation,donor_A,False
336,scrna,-0.02656934,-0.08531062,-0.08386759,0.14170662,0.15179,-0.07927258,-0.0273105,-0.2467652,0.17449313,0.10355794,0.0980212,-0.012282615,0.15261358,-0.12191959,0.044388637,-0.032477845,0.023517508,-0.16209385,-0.0069709574,-0.00022026538,-0.15828793,-0.06500805,0.2653547,0.037180346,-0.03110286,-0.013579008,-0.06766083,-0.1100998,-0.07682405,-0.00066696154,-0.08110752,0.091084935,6.0,6.0,LPS_stimulation,donor_B,False
337,scrna,0.012149991,-0.0025863815,0.114569016,-0.22656715,-0.03207635,-0.12679136,-0.0958431,-0.036476925,0.008727504,-0.008866773,-0.0129146315,0.06841758,0.032065198,-0.14334677,-0.0326008,-0.0694299,0.07128727,-0.008422503,-0.033091515,0.006044495,-0.052838087,0.11079938,-0.003750369,-0.16339359,-0.089018285,0.06644933,-0.026290303,-0.012745229,0.15065049,-0.059543118,-0.07181513,0.14083333,12.0,12.0,LPS_stimulation,donor_A,False
338,scrna,-0.01787105,-0.09992936,0.11710358,0.042371873,0.09990654,-0.08529633,0.16063729,0.06294975,0.046624627,0.077570684,0.055662457,0.106063426,0.2027988,-0.18617861,-0.02565205,0.06650606,-0.12257328,0.13972594,0.085718356,-0.012997899,0.10747066,-0.060291886,-0.058762427,-0.19983764,0.032501437,-0.07636827,0.0423451,-0.024219954,0.023956146,0.09508929,-0.06133126,0.09060268,24.0,24.0,LPS_stimulation,donor_B,False
339,scrna,-0.07065245,-0.31013867,-0.078540236,-0.037605118,0.051737167,-0.03342285,0.18941641,-0.028053977,-0.07092167,0.18899558,-0.04022776,0.010148456,0.0143461935,-0.19746202,0.061598334,0.1267059,0.26031202,0.004493338,-0.19084091,-0.059797354,0.08736725,-0.09912467,0.004830002,-0.116048,0.13901633,-0.17418657,0.08740606,0.07679721,-0.113568954,0.012528997,0.0327863,-0.15658629,48.0,48.0,LPS_stimulation,donor_A,False
340,scrna,-0.030444965,-0.048217274,0.03832874,0.02754843,-0.10198543,-0.057460535,0.08795782,-0.049752306,0.28988904,0.034153633,-0.070049144,-0.037354328,0.056412086,0.14403015,-0.047388457,0.044726275,0.02638875,0.12285781,-0.009557455,-0.026286952,-0.18176922,0.12135091,0.11806615,0.012203186,-0.011516836,0.07398521,-0.12315526,0.04822916,0.26692215,0.031819534,-0.08634584,0.18871483,0.0,0.0,LPS_stimulation,donor_A,False
341,scrna,-0.02656934,-0.08531062,-0.08386759,0.14170662,0.15179,-0.07927258,-0.0273105,-0.2467652,0.17449313,0.10355794,0.0980212,-0.012282615,0.15261358,-0.12191959,0.044388637,-0.032477845,0.023517508,-0.16209385,-0.0069709574,-0.00022026538,-0.15828793,-0.06500805,0.2653547,0.037180346,-0.03110286,-0.013579008,-0.06766083,-0.1100998,-0.07682405,-0.00066696154,-0.08110752,0.091084935,6.0,6.0,LPS_stimulation,donor_B,False
342,scrna,0.012149991,-0.0025863815,0.114569016,-0.22656715,-0.03207635,-0.12679136,-0.0958431,-0.036476925,0.008727504,-0.008866773,-0.0129146315,0.06841758,0.032065198,-0.14334677,-0.0326008,-0.0694299,0.07128727,-0.008422503,-0.033091515,0.006044495,-0.052838087,0.11079938,-0.003750369,-0.16339359,-0.089018285,0.06644933,-0.026290303,-0.012745229,0.15065049,-0.059543118,-0.07181513,0.14083333,12.0,12.0,LPS_stimulation,donor_A,False
343,scrna,-0.01787105,-0.09992936,0.11710358,0.042371873,0.09990654,-0.08529633,0.16063729,0.06294975,0.046624627,0.077570684,0.055662457,0.106063426,0.2027988,-0.18617861,-0.02565205,0.06650606,-0.12257328,0.13972594,0.085718356,-0.012997899,0.10747066,-0.060291886,-0.058762427,-0.19983764,0.032501437,-0.07636827,0.0423451,-0.024219954,0.023956146,0.09508929,-0.06133126,0.09060268,24.0,24.0,LPS_stimulation,donor_A,False
344,scrna,-0.07065245,-0.31013867,-0.078540236,-0.037605118,0.051737167,-0.03342285,0.18941641,-0.028053977,-0.07092167,0.18899558,-0.04022776,0.010148456,0.0143461935,-0.19746202,0.061598334,0.1267059,0.26031202,0.004493338,-0.19084091,-0.059797354,0.08736725,-0.09912467,0.004830002,-0.116048,0.13901633,-0.17418657,0.08740606,0.07679721,-0.113568954,0.012528997,0.0327863,-0.15658629,48.0,48.0,LPS_stimulation,donor_A,False
345,scrna,-0.030444965,-0.048217274,0.03832874,0.02754843,-0.10198543,-0.057460535,0.08795782,-0.049752306,0.28988904,0.034153633,-0.070049144,-0.037354328,0.056412086,0.14403015,-0.047388457,0.044726275,0.02638875,0.12285781,-0.009557455,-0.026286952,-0.18176922,0.12135091,0.11806615,0.012203186,-0.011516836,0.07398521,-0.12315526,0.04822916,0.26692215,0.031819534,-0.08634584,0.18871483,0.0,0.0,LPS_stimulation,donor_B,False
346,scrna,-0.02656934,-0.08531062,-0.08386759,0.14170662,0.15179,-0.07927258,-0.0273105,-0.2467652,0.17449313,0.10355794,0.0980212,-0.012282615,0.15261358,-0.12191959,0.044388637,-0.032477845,0.023517508,-0.16209385,-0.0069709574,-0.00022026538,-0.15828793,-0.06500805,0.2653547,0.037180346,-0.03110286,-0.013579008,-0.06766083,-0.1100998,-0.07682405,-0.00066696154,-0.08110752,0.091084935,6.0,6.0,LPS_stimulation,donor_A,False
347,scrna,0.012149991,-0.0025863815,0.114569016,-0.22656715,-0.03207635,-0.12679136,-0.0958431,-0.036476925,0.008727504,-0.008866773,-0.0129146315,0.06841758,0.032065198,-0.14334677,-0.0326008,-0.0694299,0.07128727,-0.008422503,-0.033091515,0.006044495,-0.052838087,0.11079938,-0.003750369,-0.16339359,-0.089018285,0.06644933,-0.026290303,-0.012745229,0.15065049,-0.059543118,-0.07181513,0.14083333,12.0,12.0,LPS_stimulation,donor_A,False
348,scrna,-0.01787105,-0.09992936,0.11710358,0.042371873,0.09990654,-0.08529633,0.16063729,0.06294975,0.046624627,0.077570684,0.055662457,0.106063426,0.2027988,-0.18617861,-0.02565205,0.06650606,-0.12257328,0.13972594,0.085718356,-0.012997899,0.10747066,-0.060291886,-0.058762427,-0.19983764,0.032501437,-0.07636827,0.0423451,-0.024219954,0.023956146,0.09508929,-0.06133126,0.09060268,24.0,24.0,LPS_stimulation,donor_B,False
349,scrna,-0.07065245,-0.31013867,-0.078540236,-0.037605118,0.051737167,-0.03342285,0.18941641,-0.028053977,-0.07092167,0.18899558,-0.04022776,0.010148456,0.0143461935,-0.19746202,0.061598334,0.1267059,0.26031202,0.004493338,-0.19084091,-0.059797354,0.08736725,-0.09912467,0.004830002,-0.116048,0.13901633,-0.17418657,0.08740606,0.07679721,-0.113568954,0.012528997,0.0327863,-0.15658629,48.0,48.0,LPS_stimulation,donor_A,False
350,scrna,-0.030444965,-0.048217274,0.03832874,0.02754843,-0.10198543,-0.057460535,0.08795782,-0.049752306,0.28988904,0.034153633,-0.070049144,-0.037354328,0.056412086,0.14403015,-0.047388457,0.044726275,0.02638875,0.12285781,-0.009557455,-0.026286952,-0.18176922,0.12135091,0.11806615,0.012203186,-0.011516836,0.07398521,-0.12315526,0.04822916,0.26692215,0.031819534,-0.08634584,0.18871483,0.0,0.0,LPS_stimulation,donor_A,False
351,scrna,-0.02656934,-0.08531062,-0.08386759,0.14170662,0.15179,-0.07927258,-0.0273105,-0.2467652,0.17449313,0.10355794,0.0980212,-0.012282615,0.15261358,-0.12191959,0.044388637,-0.032477845,0.023517508,-0.16209385,-0.0069709574,-0.00022026538,-0.15828793,-0.06500805,0.2653547,0.037180346,-0.03110286,-0.013579008,-0.06766083,-0.1100998,-0.07682405,-0.00066696154,-0.08110752,0.091084935,6.0,6.0,LPS_stimulation,donor_B,False
352,scrna,0.012149991,-0.0025863815,0.114569016,-0.22656715,-0.03207635,-0.12679136,-0.0958431,-0.036476925,0.008727504,-0.008866773,-0.0129146315,0.06841758,0.032065198,-0.14334677,-0.0326008,-0.0694299,0.07128727,-0.008422503,-0.033091515,0.006044495,-0.052838087,0.11079938,-0.003750369,-0.16339359,-0.089018285,0.06644933,-0.026290303,-0.012745229,0.15065049,-0.059543118,-0.07181513,0.14083333,12.0,12.0,LPS_stimulation,donor_B,False
353,scrna,-0.01787105,-0.09992936,0.11710358,0.042371873,0.09990654,-0.08529633,0.16063729,0.06294975,0.046624627,0.077570684,0.055662457,0.106063426,0.2027988,-0.18617861,-0.02565205,0.06650606,-0.12257328,0.13972594,0.085718356,-0.012997899,0.10747066,-0.060291886,-0.058762427,-0.19983764,0.032501437,-0.07636827,0.0423451,-0.024219954,0.023956146,0.09508929,-0.06133126,0.09060268,24.0,24.0,LPS_stimulation,donor_B,False
354,scrna,-0.07065245,-0.31013867,-0.078540236,-0.037605118,0.051737167,-0.03342285,0.18941641,-0.028053977,-0.07092167,0.18899558,-0.04022776,0.010148456,0.0143461935,-0.19746202,0.061598334,0.1267059,0.26031202,0.004493338,-0.19084091,-0.059797354,0.08736725,-0.09912467,0.004830002,-0.116048,0.13901633,-0.17418657,0.08740606,0.07679721,-0.113568954,0.012528997,0.0327863,-0.15658629,48.0,48.0,LPS_stimulation,donor_B,False
355,scrna,-0.030444965,-0.048217274,0.03832874,0.02754843,-0.10198543,-0.057460535,0.08795782,-0.049752306,0.28988904,0.034153633,-0.070049144,-0.037354328,0.056412086,0.14403015,-0.047388457,0.044726275,0.02638875,0.12285781,-0.009557455,-0.026286952,-0.18176922,0.12135091,0.11806615,0.012203186,-0.011516836,0.07398521,-0.12315526,0.04822916,0.26692215,0.031819534,-0.08634584,0.18871483,0.0,0.0,LPS_stimulation,donor_B,False
356,scrna,-0.02656934,-0.08531062,-0.08386759,0.14170662,0.15179,-0.07927258,-0.0273105,-0.2467652,0.17449313,0.10355794,0.0980212,-0.012282615,0.15261358,-0.12191959,0.044388637,-0.032477845,0.023517508,-0.16209385,-0.0069709574,-0.00022026538,-0.15828793,-0.06500805,0.2653547,0.037180346,-0.03110286,-0.013579008,-0.06766083,-0.1100998,-0.07682405,-0.00066696154,-0.08110752,0.091084935,6.0,6.0,LPS_stimulation,donor_B,False
357,scrna,0.012149991,-0.0025863815,0.114569016,-0.22656715,-0.03207635,-0.12679136,-0.0958431,-0.036476925,0.008727504,-0.008866773,-0.0129146315,0.06841758,0.032065198,-0.14334677,-0.0326008,-0.0694299,0.07128727,-0.008422503,-0.033091515,0.006044495,-0.052838087,0.11079938,-0.003750369,-0.16339359,-0.089018285,0.06644933,-0.026290303,-0.012745229,0.15065049,-0.059543118,-0.07181513,0.14083333,12.0,12.0,LPS_stimulation,donor_B,False
358,scrna,-0.01787105,-0.09992936,0.11710358,0.042371873,0.09990654,-0.08529633,0.16063729,0.06294975,0.046624627,0.077570684,0.055662457,0.106063426,0.2027988,-0.18617861,-0.02565205,0.06650606,-0.12257328,0.13972594,0.085718356,-0.012997899,0.10747066,-0.060291886,-0.058762427,-0.19983764,0.032501437,-0.07636827,0.0423451,-0.024219954,0.023956146,0.09508929,-0.06133126,0.09060268,24.0,24.0,LPS_stimulation,donor_A,False
359,scrna,-0.07065245,-0.31013867,-0.078540236,-0.037605118,0.051737167,-0.03342285,0.18941641,-0.028053977,-0.07092167,0.18899558,-0.04022776,0.010148456,0.0143461935,-0.19746202,0.061598334,0.1267059,0.26031202,0.004493338,-0.19084091,-0.059797354,0.08736725,-0.09912467,0.004830002,-0.116048,0.13901633,-0.17418657,0.08740606,0.07679721,-0.113568954,0.012528997,0.0327863,-0.15658629,48.0,48.0,LPS_stimulation,donor_B,False
360,scrna,-0.030444965,-0.048217274,0.03832874,0.02754843,-0.10198543,-0.057460535,0.08795782,-0.049752306,0.28988904,0.034153633,-0.070049144,-0.037354328,0.056412086,0.14403015,-0.047388457,0.044726275,0.02638875,0.12285781,-0.009557455,-0.026286952,-0.18176922,0.12135091,0.11806615,0.012203186,-0.011516836,0.07398521,-0.12315526,0.04822916,0.26692215,0.031819534,-0.08634584,0.18871483,0.0,0.0,LPS_stimulation,donor_B,False
361,scrna,-0.02656934,-0.08531062,-0.08386759,0.14170662,0.15179,-0.07927258,-0.0273105,-0.2467652,0.17449313,0.10355794,0.0980212,-0.012282615,0.15261358,-0.12191959,0.044388637,-0.032477845,0.023517508,-0.16209385,-0.0069709574,-0.00022026538,-0.15828793,-0.06500805,0.2653547,0.037180346,-0.03110286,-0.013579008,-0.06766083,-0.1100998,-0.07682405,-0.00066696154,-0.08110752,0.091084935,6.0,6.0,LPS_stimulation,donor_B,False
362,scrna,0.012149991,-0.0025863815,0.114569016,-0.22656715,-0.03207635,-0.12679136,-0.0958431,-0.036476925,0.008727504,-0.008866773,-0.0129146315,0.06841758,0.032065198,-0.14334677,-0.0326008,-0.0694299,0.07128727,-0.008422503,-0.033091515,0.006044495,-0.052838087,0.11079938,-0.003750369,-0.16339359,-0.089018285,0.06644933,-0.026290303,-0.012745229,0.15065049,-0.059543118,-0.07181513,0.14083333,12.0,12.0,LPS_stimulation,donor_B,False
363,scrna,-0.01787105,-0.09992936,0.11710358,0.042371873,0.09990654,-0.08529633,0.16063729,0.06294975,0.046624627,0.077570684,0.055662457,0.106063426,0.2027988,-0.18617861,-0.02565205,0.06650606,-0.12257328,0.13972594,0.085718356,-0.012997899,0.10747066,-0.060291886,-0.058762427,-0.19983764,0.032501437,-0.07636827,0.0423451,-0.024219954,0.023956146,0.09508929,-0.06133126,0.09060268,24.0,24.0,LPS_stimulation,donor_A,False
364,scrna,-0.07065245,-0.31013867,-0.078540236,-0.037605118,0.051737167,-0.03342285,0.18941641,-0.028053977,-0.07092167,0.18899558,-0.04022776,0.010148456,0.0143461935,-0.19746202,0.061598334,0.1267059,0.26031202,0.004493338,-0.19084091,-0.059797354,0.08736725,-0.09912467,0.004830002,-0.116048,0.13901633,-0.17418657,0.08740606,0.07679721,-0.113568954,0.012528997,0.0327863,-0.15658629,48.0,48.0,LPS_stimulation,donor_B,False
365,scrna,-0.030444965,-0.048217274,0.03832874,0.02754843,-0.10198543,-0.057460535,0.08795782,-0.049752306,0.28988904,0.034153633,-0.070049144,-0.037354328,0.056412086,0.14403015,-0.047388457,0.044726275,0.02638875,0.12285781,-0.009557455,-0.026286952,-0.18176922,0.12135091,0.11806615,0.012203186,-0.011516836,0.07398521,-0.12315526,0.04822916,0.26692215,0.031819534,-0.08634584,0.18871483,0.0,0.0,LPS_stimulation,donor_B,False
366,scrna,-0.02656934,-0.08531062,-0.08386759,0.14170662,0.15179,-0.07927258,-0.0273105,-0.2467652,0.17449313,0.10355794,0.0980212,-0.012282615,0.15261358,-0.12191959,0.044388637,-0.032477845,0.023517508,-0.16209385,-0.0069709574,-0.00022026538,-0.15828793,-0.06500805,0.2653547,0.037180346,-0.03110286,-0.013579008,-0.06766083,-0.1100998,-0.07682405,-0.00066696154,-0.08110752,0.091084935,6.0,6.0,LPS_stimulation,donor_A,False
367,scrna,0.012149991,-0.0025863815,0.114569016,-0.22656715,-0.03207635,-0.12679136,-0.0958431,-0.036476925,0.008727504,-0.008866773,-0.0129146315,0.06841758,0.032065198,-0.14334677,-0.0326008,-0.0694299,0.07128727,-0.008422503,-0.033091515,0.006044495,-0.052838087,0.11079938,-0.003750369,-0.16339359,-0.089018285,0.06644933,-0.026290303,-0.012745229,0.15065049,-0.059543118,-0.07181513,0.14083333,12.0,12.0,LPS_stimulation,donor_B,False
368,scrna,-0.01787105,-0.09992936,0.11710358,0.042371873,0.09990654,-0.08529633,0.16063729,0.06294975,0.046624627,0.077570684,0.055662457,0.106063426,0.2027988,-0.18617861,-0.02565205,0.06650606,-0.12257328,0.13972594,0.085718356,-0.012997899,0.10747066,-0.060291886,-0.058762427,-0.19983764,0.032501437,-0.07636827,0.0423451,-0.024219954,0.023956146,0.09508929,-0.06133126,0.09060268,24.0,24.0,LPS_stimulation,donor_A,False
369,scrna,-0.07065245,-0.31013867,-0.078540236,-0.037605118,0.051737167,-0.03342285,0.18941641,-0.028053977,-0.07092167,0.18899558,-0.04022776,0.010148456,0.0143461935,-0.19746202,0.061598334,0.1267059,0.26031202,0.004493338,-0.19084091,-0.059797354,0.08736725,-0.09912467,0.004830002,-0.116048,0.13901633,-0.17418657,0.08740606,0.07679721,-0.113568954,0.012528997,0.0327863,-0.15658629,48.0,48.0,LPS_stimulation,donor_B,False
370,scrna,-0.030444965,-0.048217274,0.03832874,0.02754843,-0.10198543,-0.057460535,0.08795782,-0.049752306,0.28988904,0.034153633,-0.070049144,-0.037354328,0.056412086,0.14403015,-0.047388457,0.044726275,0.02638875,0.12285781,-0.009557455,-0.026286952,-0.18176922,0.12135091,0.11806615,0.012203186,-0.011516836,0.07398521,-0.12315526,0.04822916,0.26692215,0.031819534,-0.08634584,0.18871483,0.0,0.0,LPS_stimulation,donor_A,False
371,scrna,-0.02656934,-0.08531062,-0.08386759,0.14170662,0.15179,-0.07927258,-0.0273105,-0.2467652,0.17449313,0.10355794,0.0980212,-0.012282615,0.15261358,-0.12191959,0.044388637,-0.032477845,0.023517508,-0.16209385,-0.0069709574,-0.00022026538,-0.15828793,-0.06500805,0.2653547,0.037180346,-0.03110286,-0.013579008,-0.06766083,-0.1100998,-0.07682405,-0.00066696154,-0.08110752,0.091084935,6.0,6.0,LPS_stimulation,donor_A,False
372,scrna,0.012149991,-0.0025863815,0.114569016,-0.22656715,-0.03207635,-0.12679136,-0.0958431,-0.036476925,0.008727504,-0.008866773,-0.0129146315,0.06841758,0.032065198,-0.14334677,-0.0326008,-0.0694299,0.07128727,-0.008422503,-0.033091515,0.006044495,-0.052838087,0.11079938,-0.003750369,-0.16339359,-0.089018285,0.06644933,-0.026290303,-0.012745229,0.15065049,-0.059543118,-0.07181513,0.14083333,12.0,12.0,LPS_stimulation,donor_A,False
373,scrna,-0.01787105,-0.09992936,0.11710358,0.042371873,0.09990654,-0.08529633,0.16063729,0.06294975,0.046624627,0.077570684,0.055662457,0.106063426,0.2027988,-0.18617861,-0.02565205,0.06650606,-0.12257328,0.13972594,0.085718356,-0.012997899,0.10747066,-0.060291886,-0.058762427,-0.19983764,0.032501437,-0.07636827,0.0423451,-0.024219954,0.023956146,0.09508929,-0.06133126,0.09060268,24.0,24.0,LPS_stimulation,donor_B,False
374,scrna,-0.07065245,-0.31013867,-0.078540236,-0.037605118,0.051737167,-0.03342285,0.18941641,-0.028053977,-0.07092167,0.18899558,-0.04022776,0.010148456,0.0143461935,-0.19746202,0.061598334,0.1267059,0.26031202,0.004493338,-0.19084091,-0.059797354,0.08736725,-0.09912467,0.004830002,-0.116048,0.13901633,-0.17418657,0.08740606,0.07679721,-0.113568954,0.012528997,0.0327863,-0.15658629,48.0,48.0,LPS_stimulation,donor_A,False
375,scrna,-0.030444965,-0.048217274,0.03832874,0.02754843,-0.10198543,-0.057460535,0.08795782,-0.049752306,0.28988904,0.034153633,-0.070049144,-0.037354328,0.056412086,0.14403015,-0.047388457,0.044726275,0.02638875,0.12285781,-0.009557455,-0.026286952,-0.18176922,0.12135091,0.11806615,0.012203186,-0.011516836,0.07398521,-0.12315526,0.04822916,0.26692215,0.031819534,-0.08634584,0.18871483,0.0,0.0,LPS_stimulation,donor_B,False
376,scrna,-0.02656934,-0.08531062,-0.08386759,0.14170662,0.15179,-0.07927258,-0.0273105,-0.2467652,0.17449313,0.10355794,0.0980212,-0.012282615,0.15261358,-0.12191959,0.044388637,-0.032477845,0.023517508,-0.16209385,-0.0069709574,-0.00022026538,-0.15828793,-0.06500805,0.2653547,0.037180346,-0.03110286,-0.013579008,-0.06766083,-0.1100998,-0.07682405,-0.00066696154,-0.08110752,0.091084935,6.0,6.0,LPS_stimulation,donor_B,False
377,scrna,0.012149991,-0.0025863815,0.114569016,-0.22656715,-0.03207635,-0.12679136,-0.0958431,-0.036476925,0.008727504,-0.008866773,-0.0129146315,0.06841758,0.032065198,-0.14334677,-0.0326008,-0.0694299,0.07128727,-0.008422503,-0.033091515,0.006044495,-0.052838087,0.11079938,-0.003750369,-0.16339359,-0.089018285,0.06644933,-0.026290303,-0.012745229,0.15065049,-0.059543118,-0.07181513,0.14083333,12.0,12.0,LPS_stimulation,donor_B,False
378,scrna,-0.01787105,-0.09992936,0.11710358,0.042371873,0.09990654,-0.08529633,0.16063729,0.06294975,0.046624627,0.077570684,0.055662457,0.106063426,0.2027988,-0.18617861,-0.02565205,0.06650606,-0.12257328,0.13972594,0.085718356,-0.012997899,0.10747066,-0.060291886,-0.058762427,-0.19983764,0.032501437,-0.07636827,0.0423451,-0.024219954,0.023956146,0.09508929,-0.06133126,0.09060268,24.0,24.0,LPS_stimulation,donor_A,False
379,scrna,-0.07065245,-0.31013867,-0.078540236,-0.037605118,0.051737167,-0.03342285,0.18941641,-0.028053977,-0.07092167,0.18899558,-0.04022776,0.010148456,0.0143461935,-0.19746202,0.061598334,0.1267059,0.26031202,0.004493338,-0.19084091,-0.059797354,0.08736725,-0.09912467,0.004830002,-0.116048,0.13901633,-0.17418657,0.08740606,0.07679721,-0.113568954,0.012528997,0.0327863,-0.15658629,48.0,48.0,LPS_stimulation,donor_B,False
380,scrna,-0.030444965,-0.048217274,0.03832874,0.02754843,-0.10198543,-0.057460535,0.08795782,-0.049752306,0.28988904,0.034153633,-0.070049144,-0.037354328,0.056412086,0.14403015,-0.047388457,0.044726275,0.02638875,0.12285781,-0.009557455,-0.026286952,-0.18176922,0.12135091,0.11806615,0.012203186,-0.011516836,0.07398521,-0.12315526,0.04822916,0.26692215,0.031819534,-0.08634584,0.18871483,0.0,0.0,LPS_stimulation,donor_B,False
381,scrna,-0.02656934,-0.08531062,-0.08386759,0.14170662,0.15179,-0.07927258,-0.0273105,-0.2467652,0.17449313,0.10355794,0.0980212,-0.012282615,0.15261358,-0.12191959,0.044388637,-0.032477845,0.023517508,-0.16209385,-0.0069709574,-0.00022026538,-0.15828793,-0.06500805,0.2653547,0.037180346,-0.03110286,-0.013579008,-0.06766083,-0.1100998,-0.07682405,-0.00066696154,-0.08110752,0.091084935,6.0,6.0,LPS_stimulation,donor_B,False
382,scrna,0.012149991,-0.0025863815,0.114569016,-0.22656715,-0.03207635,-0.12679136,-0.0958431,-0.036476925,0.008727504,-0.008866773,-0.0129146315,0.06841758,0.032065198,-0.14334677,-0.0326008,-0.0694299,0.07128727,-0.008422503,-0.033091515,0.006044495,-0.052838087,0.11079938,-0.003750369,-0.16339359,-0.089018285,0.06644933,-0.026290303,-0.012745229,0.15065049,-0.059543118,-0.07181513,0.14083333,12.0,12.0,LPS_stimulation,donor_A,False
383,scrna,-0.01787105,-0.09992936,0.11710358,0.042371873,0.09990654,-0.08529633,0.16063729,0.06294975,0.046624627,0.077570684,0.055662457,0.106063426,0.2027988,-0.18617861,-0.02565205,0.06650606,-0.12257328,0.13972594,0.085718356,-0.012997899,0.10747066,-0.060291886,-0.058762427,-0.19983764,0.032501437,-0.07636827,0.0423451,-0.024219954,0.023956146,0.09508929,-0.06133126,0.09060268,24.0,24.0,LPS_stimulation,donor_A,False
384,scrna,-0.07065245,-0.31013867,-0.078540236,-0.037605118,0.051737167,-0.03342285,0.18941641,-0.028053977,-0.07092167,0.18899558,-0.04022776,0.010148456,0.0143461935,-0.19746202,0.061598334,0.1267059,0.26031202,0.004493338,-0.19084091,-0.059797354,0.08736725,-0.09912467,0.004830002,-0.116048,0.13901633,-0.17418657,0.08740606,0.07679721,-0.113568954,0.012528997,0.0327863,-0.15658629,48.0,48.0,LPS_stimulation,donor_A,False
385,scrna,-0.030444965,-0.048217274,0.03832874,0.02754843,-0.10198543,-0.057460535,0.08795782,-0.049752306,0.28988904,0.034153633,-0.070049144,-0.037354328,0.056412086,0.14403015,-0.047388457,0.044726275,0.02638875,0.12285781,-0.009557455,-0.026286952,-0.18176922,0.12135091,0.11806615,0.012203186,-0.011516836,0.07398521,-0.12315526,0.04822916,0.26692215,0.031819534,-0.08634584,0.18871483,0.0,0.0,LPS_stimulation,donor_B,False
386,scrna,-0.02656934,-0.08531062,-0.08386759,0.14170662,0.15179,-0.07927258,-0.0273105,-0.2467652,0.17449313,0.10355794,0.0980212,-0.012282615,0.15261358,-0.12191959,0.044388637,-0.032477845,0.023517508,-0.16209385,-0.0069709574,-0.00022026538,-0.15828793,-0.06500805,0.2653547,0.037180346,-0.03110286,-0.013579008,-0.06766083,-0.1100998,-0.07682405,-0.00066696154,-0.08110752,0.091084935,6.0,6.0,LPS_stimulation,donor_A,False
387,scrna,0.012149991,-0.0025863815,0.114569016,-0.22656715,-0.03207635,-0.12679136,-0.0958431,-0.036476925,0.008727504,-0.008866773,-0.0129146315,0.06841758,0.032065198,-0.14334677,-0.0326008,-0.0694299,0.07128727,-0.008422503,-0.033091515,0.006044495,-0.052838087,0.11079938,-0.003750369,-0.16339359,-0.089018285,0.06644933,-0.026290303,-0.012745229,0.15065049,-0.059543118,-0.07181513,0.14083333,12.0,12.0,LPS_stimulation,donor_A,False
388,scrna,-0.01787105,-0.09992936,0.11710358,0.042371873,0.09990654,-0.08529633,0.16063729,0.06294975,0.046624627,0.077570684,0.055662457,0.106063426,0.2027988,-0.18617861,-0.02565205,0.06650606,-0.12257328,0.13972594,0.085718356,-0.012997899,0.10747066,-0.060291886,-0.058762427,-0.19983764,0.032501437,-0.07636827,0.0423451,-0.024219954,0.023956146,0.09508929,-0.06133126,0.09060268,24.0,24.0,LPS_stimulation,donor_B,False
389,scrna,-0.07065245,-0.31013867,-0.078540236,-0.037605118,0.051737167,-0.03342285,0.18941641,-0.028053977,-0.07092167,0.18899558,-0.04022776,0.010148456,0.0143461935,-0.19746202,0.061598334,0.1267059,0.26031202,0.004493338,-0.19084091,-0.059797354,0.08736725,-0.09912467,0.004830002,-0.116048,0.13901633,-0.17418657,0.08740606,0.07679721,-0.113568954,0.012528997,0.0327863,-0.15658629,48.0,48.0,LPS_stimulation,donor_B,False
390,scrna,-0.030444965,-0.048217274,0.03832874,0.02754843,-0.10198543,-0.057460535,0.08795782,-0.049752306,0.28988904,0.034153633,-0.070049144,-0.037354328,0.056412086,0.14403015,-0.047388457,0.044726275,0.02638875,0.12285781,-0.009557455,-0.026286952,-0.18176922,0.12135091,0.11806615,0.012203186,-0.011516836,0.07398521,-0.12315526,0.04822916,0.26692215,0.031819534,-0.08634584,0.18871483,0.0,0.0,LPS_stimulation,donor_B,False
391,scrna,-0.02656934,-0.08531062,-0.08386759,0.14170662,0.15179,-0.07927258,-0.0273105,-0.2467652,0.17449313,0.10355794,0.0980212,-0.012282615,0.15261358,-0.12191959,0.044388637,-0.032477845,0.023517508,-0.16209385,-0.0069709574,-0.00022026538,-0.15828793,-0.06500805,0.2653547,0.037180346,-0.03110286,-0.013579008,-0.06766083,-0.1100998,-0.07682405,-0.00066696154,-0.08110752,0.091084935,6.0,6.0,LPS_stimulation,donor_A,False
392,scrna,0.012149991,-0.0025863815,0.114569016,-0.22656715,-0.03207635,-0.12679136,-0.0958431,-0.036476925,0.008727504,-0.008866773,-0.0129146315,0.06841758,0.032065198,-0.14334677,-0.0326008,-0.0694299,0.07128727,-0.008422503,-0.033091515,0.006044495,-0.052838087,0.11079938,-0.003750369,-0.16339359,-0.089018285,0.06644933,-0.026290303,-0.012745229,0.15065049,-0.059543118,-0.07181513,0.14083333,12.0,12.0,LPS_stimulation,donor_B,False
393,scrna,-0.01787105,-0.09992936,0.11710358,0.042371873,0.09990654,-0.08529633,0.16063729,0.06294975,0.046624627,0.077570684,0.055662457,0.106063426,0.2027988,-0.18617861,-0.02565205,0.06650606,-0.12257328,0.13972594,0.085718356,-0.012997899,0.10747066,-0.060291886,-0.058762427,-0.19983764,0.032501437,-0.07636827,0.0423451,-0.024219954,0.023956146,0.09508929,-0.06133126,0.09060268,24.0,24.0,LPS_stimulation,donor_B,False
394,scrna,-0.07065245,-0.31013867,-0.078540236,-0.037605118,0.051737167,-0.03342285,0.18941641,-0.028053977,-0.07092167,0.18899558,-0.04022776,0.010148456,0.0143461935,-0.19746202,0.061598334,0.1267059,0.26031202,0.004493338,-0.19084091,-0.059797354,0.08736725,-0.09912467,0.004830002,-0.116048,0.13901633,-0.17418657,0.08740606,0.07679721,-0.113568954,0.012528997,0.0327863,-0.15658629,48.0,48.0,LPS_stimulation,donor_B,False
395,scrna,-0.030444965,-0.048217274,0.03832874,0.02754843,-0.10198543,-0.057460535,0.08795782,-0.049752306,0.28988904,0.034153633,-0.070049144,-0.037354328,0.056412086,0.14403015,-0.047388457,0.044726275,0.02638875,0.12285781,-0.009557455,-0.026286952,-0.18176922,0.12135091,0.11806615,0.012203186,-0.011516836,0.07398521,-0.12315526,0.04822916,0.26692215,0.031819534,-0.08634584,0.18871483,0.0,0.0,LPS_stimulation,donor_B,False
396,scrna,-0.02656934,-0.08531062,-0.08386759,0.14170662,0.15179,-0.07927258,-0.0273105,-0.2467652,0.17449313,0.10355794,0.0980212,-0.012282615,0.15261358,-0.12191959,0.044388637,-0.032477845,0.023517508,-0.16209385,-0.0069709574,-0.00022026538,-0.15828793,-0.06500805,0.2653547,0.037180346,-0.03110286,-0.013579008,-0.06766083,-0.1100998,-0.07682405,-0.00066696154,-0.08110752,0.091084935,6.0,6.0,LPS_stimulation,donor_B,False
397,scrna,0.012149991,-0.0025863815,0.114569016,-0.22656715,-0.03207635,-0.12679136,-0.0958431,-0.036476925,0.008727504,-0.008866773,-0.0129146315,0.06841758,0.032065198,-0.14334677,-0.0326008,-0.0694299,0.07128727,-0.008422503,-0.033091515,0.006044495,-0.052838087,0.11079938,-0.003750369,-0.16339359,-0.089018285,0.06644933,-0.026290303,-0.012745229,0.15065049,-0.059543118,-0.07181513,0.14083333,12.0,12.0,LPS_stimulation,donor_A,False
398,scrna,-0.01787105,-0.09992936,0.11710358,0.042371873,0.09990654,-0.08529633,0.16063729,0.06294975,0.046624627,0.077570684,0.055662457,0.106063426,0.2027988,-0.18617861,-0.02565205,0.06650606,-0.12257328,0.13972594,0.085718356,-0.012997899,0.10747066,-0.060291886,-0.058762427,-0.19983764,0.032501437,-0.07636827,0.0423451,-0.024219954,0.023956146,0.09508929,-0.06133126,0.09060268,24.0,24.0,LPS_stimulation,donor_A,False
399,scrna,-0.07065245,-0.31013867,-0.078540236,-0.037605118,0.051737167,-0.03342285,0.18941641,-0.028053977,-0.07092167,0.18899558,-0.04022776,0.010148456,0.0143461935,-0.19746202,0.061598334,0.1267059,0.26031202,0.004493338,-0.19084091,-0.059797354,0.08736725,-0.09912467,0.004830002,-0.116048,0.13901633,-0.17418657,0.08740606,0.07679721,-0.113568954,0.012528997,0.0327863,-0.15658629,48.0,48.0,LPS_stimulation,donor_A,False
400,scrna,-0.030444965,-0.048217274,0.03832874,0.02754843,-0.10198543,-0.057460535,0.08795782,-0.049752306,0.28988904,0.034153633,-0.070049144,-0.037354328,0.056412086,0.14403015,-0.047388457,0.044726275,0.02638875,0.12285781,-0.009557455,-0.026286952,-0.18176922,0.12135091,0.11806615,0.012203186,-0.011516836,0.07398521,-0.12315526,0.04822916,0.26692215,0.031819534,-0.08634584,0.18871483,0.0,0.0,LPS_stimulation,donor_B,False
401,scrna,-0.02656934,-0.08531062,-0.08386759,0.14170662,0.15179,-0.07927258,-0.0273105,-0.2467652,0.17449313,0.10355794,0.0980212,-0.012282615,0.15261358,-0.12191959,0.044388637,-0.032477845,0.023517508,-0.16209385,-0.0069709574,-0.00022026538,-0.15828793,-0.06500805,0.2653547,0.037180346,-0.03110286,-0.013579008,-0.06766083,-0.1100998,-0.07682405,-0.00066696154,-0.08110752,0.091084935,6.0,6.0,LPS_stimulation,donor_B,False
402,scrna,0.012149991,-0.0025863815,0.114569016,-0.22656715,-0.03207635,-0.12679136,-0.0958431,-0.036476925,0.008727504,-0.008866773,-0.0129146315,0.06841758,0.032065198,-0.14334677,-0.0326008,-0.0694299,0.07128727,-0.008422503,-0.033091515,0.006044495,-0.052838087,0.11079938,-0.003750369,-0.16339359,-0.089018285,0.06644933,-0.026290303,-0.012745229,0.15065049,-0.059543118,-0.07181513,0.14083333,12.0,12.0,LPS_stimulation,donor_B,False
403,scrna,-0.01787105,-0.09992936,0.11710358,0.042371873,0.09990654,-0.08529633,0.16063729,0.06294975,0.046624627,0.077570684,0.055662457,0.106063426,0.2027988,-0.18617861,-0.02565205,0.06650606,-0.12257328,0.13972594,0.085718356,-0.012997899,0.10747066,-0.060291886,-0.058762427,-0.19983764,0.032501437,-0.07636827,0.0423451,-0.024219954,0.023956146,0.09508929,-0.06133126,0.09060268,24.0,24.0,LPS_stimulation,donor_B,False
404,scrna,-0.07065245,-0.31013867,-0.078540236,-0.037605118,0.051737167,-0.03342285,0.18941641,-0.028053977,-0.07092167,0.18899558,-0.04022776,0.010148456,0.0143461935,-0.19746202,0.061598334,0.1267059,0.26031202,0.004493338,-0.19084091,-0.059797354,0.08736725,-0.09912467,0.004830002,-0.116048,0.13901633,-0.17418657,0.08740606,0.07679721,-0.113568954,0.012528997,0.0327863,-0.15658629,48.0,48.0,LPS_stimulation,donor_A,False
405,scrna,-0.030444965,-0.048217274,0.03832874,0.02754843,-0.10198543,-0.057460535,0.08795782,-0.049752306,0.28988904,0.034153633,-0.070049144,-0.037354328,0.056412086,0.14403015,-0.047388457,0.044726275,0.02638875,0.12285781,-0.009557455,-0.026286952,-0.18176922,0.12135091,0.11806615,0.012203186,-0.011516836,0.07398521,-0.12315526,0.04822916,0.26692215,0.031819534,-0.08634584,0.18871483,0.0,0.0,LPS_stimulation,donor_A,False
406,scrna,-0.02656934,-0.08531062,-0.08386759,0.14170662,0.15179,-0.07927258,-0.0273105,-0.2467652,0.17449313,0.10355794,0.0980212,-0.012282615,0.15261358,-0.12191959,0.044388637,-0.032477845,0.023517508,-0.16209385,-0.0069709574,-0.00022026538,-0.15828793,-0.06500805,0.2653547,0.037180346,-0.03110286,-0.013579008,-0.06766083,-0.1100998,-0.07682405,-0.00066696154,-0.08110752,0.091084935,6.0,6.0,LPS_stimulation,donor_A,False
407,scrna,0.012149991,-0.0025863815,0.114569016,-0.22656715,-0.03207635,-0.12679136,-0.0958431,-0.036476925,0.008727504,-0.008866773,-0.0129146315,0.06841758,0.032065198,-0.14334677,-0.0326008,-0.0694299,0.07128727,-0.008422503,-0.033091515,0.006044495,-0.052838087,0.11079938,-0.003750369,-0.16339359,-0.089018285,0.06644933,-0.026290303,-0.012745229,0.15065049,-0.059543118,-0.07181513,0.14083333,12.0,12.0,LPS_stimulation,donor_B,False
408,scrna,-0.01787105,-0.09992936,0.11710358,0.042371873,0.09990654,-0.08529633,0.16063729,0.06294975,0.046624627,0.077570684,0.055662457,0.106063426,0.2027988,-0.18617861,-0.02565205,0.06650606,-0.12257328,0.13972594,0.085718356,-0.012997899,0.10747066,-0.060291886,-0.058762427,-0.19983764,0.032501437,-0.07636827,0.0423451,-0.024219954,0.023956146,0.09508929,-0.06133126,0.09060268,24.0,24.0,LPS_stimulation,donor_A,False
409,scrna,-0.07065245,-0.31013867,-0.078540236,-0.037605118,0.051737167,-0.03342285,0.18941641,-0.028053977,-0.07092167,0.18899558,-0.04022776,0.010148456,0.0143461935,-0.19746202,0.061598334,0.1267059,0.26031202,0.004493338,-0.19084091,-0.059797354,0.08736725,-0.09912467,0.004830002,-0.116048,0.13901633,-0.17418657,0.08740606,0.07679721,-0.113568954,0.012528997,0.0327863,-0.15658629,48.0,48.0,LPS_stimulation,donor_A,False
410,scrna,-0.030444965,-0.048217274,0.03832874,0.02754843,-0.10198543,-0.057460535,0.08795782,-0.049752306,0.28988904,0.034153633,-0.070049144,-0.037354328,0.056412086,0.14403015,-0.047388457,0.044726275,0.02638875,0.12285781,-0.009557455,-0.026286952,-0.18176922,0.12135091,0.11806615,0.012203186,-0.011516836,0.07398521,-0.12315526,0.04822916,0.26692215,0.031819534,-0.08634584,0.18871483,0.0,0.0,LPS_stimulation,donor_A,False
411,scrna,-0.02656934,-0.08531062,-0.08386759,0.14170662,0.15179,-0.07927258,-0.0273105,-0.2467652,0.17449313,0.10355794,0.0980212,-0.012282615,0.15261358,-0.12191959,0.044388637,-0.032477845,0.023517508,-0.16209385,-0.0069709574,-0.00022026538,-0.15828793,-0.06500805,0.2653547,0.037180346,-0.03110286,-0.013579008,-0.06766083,-0.1100998,-0.07682405,-0.00066696154,-0.08110752,0.091084935,6.0,6.0,LPS_stimulation,donor_B,False
412,scrna,0.012149991,-0.0025863815,0.114569016,-0.22656715,-0.03207635,-0.12679136,-0.0958431,-0.036476925,0.008727504,-0.008866773,-0.0129146315,0.06841758,0.032065198,-0.14334677,-0.0326008,-0.0694299,0.07128727,-0.008422503,-0.033091515,0.006044495,-0.052838087,0.11079938,-0.003750369,-0.16339359,-0.089018285,0.06644933,-0.026290303,-0.012745229,0.15065049,-0.059543118,-0.07181513,0.14083333,12.0,12.0,LPS_stimulation,donor_A,False
413,scrna,-0.01787105,-0.09992936,0.11710358,0.042371873,0.09990654,-0.08529633,0.16063729,0.06294975,0.046624627,0.077570684,0.055662457,0.106063426,0.2027988,-0.18617861,-0.02565205,0.06650606,-0.12257328,0.13972594,0.085718356,-0.012997899,0.10747066,-0.060291886,-0.058762427,-0.19983764,0.032501437,-0.07636827,0.0423451,-0.024219954,0.023956146,0.09508929,-0.06133126,0.09060268,24.0,24.0,LPS_stimulation,donor_B,False
414,scrna,-0.07065245,-0.31013867,-0.078540236,-0.037605118,0.051737167,-0.03342285,0.18941641,-0.028053977,-0.07092167,0.18899558,-0.04022776,0.010148456,0.0143461935,-0.19746202,0.061598334,0.1267059,0.26031202,0.004493338,-0.19084091,-0.059797354,0.08736725,-0.09912467,0.004830002,-0.116048,0.13901633,-0.17418657,0.08740606,0.07679721,-0.113568954,0.012528997,0.0327863,-0.15658629,48.0,48.0,LPS_stimulation,donor_A,False
415,scrna,-0.030444965,-0.048217274,0.03832874,0.02754843,-0.10198543,-0.057460535,0.08795782,-0.049752306,0.28988904,0.034153633,-0.070049144,-0.037354328,0.056412086,0.14403015,-0.047388457,0.044726275,0.02638875,0.12285781,-0.009557455,-0.026286952,-0.18176922,0.12135091,0.11806615,0.012203186,-0.011516836,0.07398521,-0.12315526,0.04822916,0.26692215,0.031819534,-0.08634584,0.18871483,0.0,0.0,LPS_stimulation,donor_B,False
416,scrna,-0.02656934,-0.08531062,-0.08386759,0.14170662,0.15179,-0.07927258,-0.0273105,-0.2467652,0.17449313,0.10355794,0.0980212,-0.012282615,0.15261358,-0.12191959,0.044388637,-0.032477845,0.023517508,-0.16209385,-0.0069709574,-0.00022026538,-0.15828793,-0.06500805,0.2653547,0.037180346,-0.03110286,-0.013579008,-0.06766083,-0.1100998,-0.07682405,-0.00066696154,-0.08110752,0.091084935,6.0,6.0,LPS_stimulation,donor_A,False
417,scrna,0.012149991,-0.0025863815,0.114569016,-0.22656715,-0.03207635,-0.12679136,-0.0958431,-0.036476925,0.008727504,-0.008866773,-0.0129146315,0.06841758,0.032065198,-0.14334677,-0.0326008,-0.0694299,0.07128727,-0.008422503,-0.033091515,0.006044495,-0.052838087,0.11079938,-0.003750369,-0.16339359,-0.089018285,0.06644933,-0.026290303,-0.012745229,0.15065049,-0.059543118,-0.07181513,0.14083333,12.0,12.0,LPS_stimulation,donor_A,False
418,scrna,-0.01787105,-0.09992936,0.11710358,0.042371873,0.09990654,-0.08529633,0.16063729,0.06294975,0.046624627,0.077570684,0.055662457,0.106063426,0.2027988,-0.18617861,-0.02565205,0.06650606,-0.12257328,0.13972594,0.085718356,-0.012997899,0.10747066,-0.060291886,-0.058762427,-0.19983764,0.032501437,-0.07636827,0.0423451,-0.024219954,0.023956146,0.09508929,-0.06133126,0.09060268,24.0,24.0,LPS_stimulation,donor_A,False
419,scrna,-0.07065245,-0.31013867,-0.078540236,-0.037605118,0.051737167,-0.03342285,0.18941641,-0.028053977,-0.07092167,0.18899558,-0.04022776,0.010148456,0.0143461935,-0.19746202,0.061598334,0.1267059,0.26031202,0.004493338,-0.19084091,-0.059797354,0.08736725,-0.09912467,0.004830002,-0.116048,0.13901633,-0.17418657,0.08740606,0.07679721,-0.113568954,0.012528997,0.0327863,-0.15658629,48.0,48.0,LPS_stimulation,donor_A,False
420,scrna,-0.030444965,-0.048217274,0.03832874,0.02754843,-0.10198543,-0.057460535,0.08795782,-0.049752306,0.28988904,0.034153633,-0.070049144,-0.037354328,0.056412086,0.14403015,-0.047388457,0.044726275,0.02638875,0.12285781,-0.009557455,-0.026286952,-0.18176922,0.12135091,0.11806615,0.012203186,-0.011516836,0.07398521,-0.12315526,0.04822916,0.26692215,0.031819534,-0.08634584,0.18871483,0.0,0.0,LPS_stimulation,donor_A,False
421,scrna,-0.02656934,-0.08531062,-0.08386759,0.14170662,0.15179,-0.07927258,-0.0273105,-0.2467652,0.17449313,0.10355794,0.0980212,-0.012282615,0.15261358,-0.12191959,0.044388637,-0.032477845,0.023517508,-0.16209385,-0.0069709574,-0.00022026538,-0.15828793,-0.06500805,0.2653547,0.037180346,-0.03110286,-0.013579008,-0.06766083,-0.1100998,-0.07682405,-0.00066696154,-0.08110752,0.091084935,6.0,6.0,LPS_stimulation,donor_A,False
422,scrna,0.012149991,-0.0025863815,0.114569016,-0.22656715,-0.03207635,-0.12679136,-0.0958431,-0.036476925,0.008727504,-0.008866773,-0.0129146315,0.06841758,0.032065198,-0.14334677,-0.0326008,-0.0694299,0.07128727,-0.008422503,-0.033091515,0.006044495,-0.052838087,0.11079938,-0.003750369,-0.16339359,-0.089018285,0.06644933,-0.026290303,-0.012745229,0.15065049,-0.059543118,-0.07181513,0.14083333,12.0,12.0,LPS_stimulation,donor_B,False
423,scrna,-0.01787105,-0.09992936,0.11710358,0.042371873,0.09990654,-0.08529633,0.16063729,0.06294975,0.046624627,0.077570684,0.055662457,0.106063426,0.2027988,-0.18617861,-0.02565205,0.06650606,-0.12257328,0.13972594,0.085718356,-0.012997899,0.10747066,-0.060291886,-0.058762427,-0.19983764,0.032501437,-0.07636827,0.0423451,-0.024219954,0.023956146,0.09508929,-0.06133126,0.09060268,24.0,24.0,LPS_stimulation,donor_B,False
424,scrna,-0.07065245,-0.31013867,-0.078540236,-0.037605118,0.051737167,-0.03342285,0.18941641,-0.028053977,-0.07092167,0.18899558,-0.04022776,0.010148456,0.0143461935,-0.19746202,0.061598334,0.1267059,0.26031202,0.004493338,-0.19084091,-0.059797354,0.08736725,-0.09912467,0.004830002,-0.116048,0.13901633,-0.17418657,0.08740606,0.07679721,-0.113568954,0.012528997,0.0327863,-0.15658629,48.0,48.0,LPS_stimulation,donor_A,False
425,scrna,-0.030444965,-0.048217274,0.03832874,0.02754843,-0.10198543,-0.057460535,0.08795782,-0.049752306,0.28988904,0.034153633,-0.070049144,-0.037354328,0.056412086,0.14403015,-0.047388457,0.044726275,0.02638875,0.12285781,-0.009557455,-0.026286952,-0.18176922,0.12135091,0.11806615,0.012203186,-0.011516836,0.07398521,-0.12315526,0.04822916,0.26692215,0.031819534,-0.08634584,0.18871483,0.0,0.0,LPS_stimulation,donor_B,False
426,scrna,-0.02656934,-0.08531062,-0.08386759,0.14170662,0.15179,-0.07927258,-0.0273105,-0.2467652,0.17449313,0.10355794,0.0980212,-0.012282615,0.15261358,-0.12191959,0.044388637,-0.032477845,0.023517508,-0.16209385,-0.0069709574,-0.00022026538,-0.15828793,-0.06500805,0.2653547,0.037180346,-0.03110286,-0.013579008,-0.06766083,-0.1100998,-0.07682405,-0.00066696154,-0.08110752,0.091084935,6.0,6.0,LPS_stimulation,donor_B,False
427,scrna,0.012149991,-0.0025863815,0.114569016,-0.22656715,-0.03207635,-0.12679136,-0.0958431,-0.036476925,0.008727504,-0.008866773,-0.0129146315,0.06841758,0.032065198,-0.14334677,-0.0326008,-0.0694299,0.07128727,-0.008422503,-0.033091515,0.006044495,-0.052838087,0.11079938,-0.003750369,-0.16339359,-0.089018285,0.06644933,-0.026290303,-0.012745229,0.15065049,-0.059543118,-0.07181513,0.14083333,12.0,12.0,LPS_stimulation,donor_A,False
428,scrna,-0.01787105,-0.09992936,0.11710358,0.042371873,0.09990654,-0.08529633,0.16063729,0.06294975,0.046624627,0.077570684,0.055662457,0.106063426,0.2027988,-0.18617861,-0.02565205,0.06650606,-0.12257328,0.13972594,0.085718356,-0.012997899,0.10747066,-0.060291886,-0.058762427,-0.19983764,0.032501437,-0.07636827,0.0423451,-0.024219954,0.023956146,0.09508929,-0.06133126,0.09060268,24.0,24.0,LPS_stimulation,donor_A,False
429,scrna,-0.07065245,-0.31013867,-0.078540236,-0.037605118,0.051737167,-0.03342285,0.18941641,-0.028053977,-0.07092167,0.18899558,-0.04022776,0.010148456,0.0143461935,-0.19746202,0.061598334,0.1267059,0.26031202,0.004493338,-0.19084091,-0.059797354,0.08736725,-0.09912467,0.004830002,-0.116048,0.13901633,-0.17418657,0.08740606,0.07679721,-0.113568954,0.012528997,0.0327863,-0.15658629,48.0,48.0,LPS_stimulation,donor_A,False
430,scrna,-0.030444965,-0.048217274,0.03832874,0.02754843,-0.10198543,-0.057460535,0.08795782,-0.049752306,0.28988904,0.034153633,-0.070049144,-0.037354328,0.056412086,0.14403015,-0.047388457,0.044726275,0.02638875,0.12285781,-0.009557455,-0.026286952,-0.18176922,0.12135091,0.11806615,0.012203186,-0.011516836,0.07398521,-0.12315526,0.04822916,0.26692215,0.031819534,-0.08634584,0.18871483,0.0,0.0,LPS_stimulation,donor_B,False
431,scrna,-0.02656934,-0.08531062,-0.08386759,0.14170662,0.15179,-0.07927258,-0.0273105,-0.2467652,0.17449313,0.10355794,0.0980212,-0.012282615,0.15261358,-0.12191959,0.044388637,-0.032477845,0.023517508,-0.16209385,-0.0069709574,-0.00022026538,-0.15828793,-0.06500805,0.2653547,0.037180346,-0.03110286,-0.013579008,-0.06766083,-0.1100998,-0.07682405,-0.00066696154,-0.08110752,0.091084935,6.0,6.0,LPS_stimulation,donor_B,False
432,scrna,0.012149991,-0.0025863815,0.114569016,-0.22656715,-0.03207635,-0.12679136,-0.0958431,-0.036476925,0.008727504,-0.008866773,-0.0129146315,0.06841758,0.032065198,-0.14334677,-0.0326008,-0.0694299,0.07128727,-0.008422503,-0.033091515,0.006044495,-0.052838087,0.11079938,-0.003750369,-0.16339359,-0.089018285,0.06644933,-0.026290303,-0.012745229,0.15065049,-0.059543118,-0.07181513,0.14083333,12.0,12.0,LPS_stimulation,donor_B,False
433,scrna,-0.01787105,-0.09992936,0.11710358,0.042371873,0.09990654,-0.08529633,0.16063729,0.06294975,0.046624627,0.077570684,0.055662457,0.106063426,0.2027988,-0.18617861,-0.02565205,0.06650606,-0.12257328,0.13972594,0.085718356,-0.012997899,0.10747066,-0.060291886,-0.058762427,-0.19983764,0.032501437,-0.07636827,0.0423451,-0.024219954,0.023956146,0.09508929,-0.06133126,0.09060268,24.0,24.0,LPS_stimulation,donor_B,False
434,scrna,-0.07065245,-0.31013867,-0.078540236,-0.037605118,0.051737167,-0.03342285,0.18941641,-0.028053977,-0.07092167,0.18899558,-0.04022776,0.010148456,0.0143461935,-0.19746202,0.061598334,0.1267059,0.26031202,0.004493338,-0.19084091,-0.059797354,0.08736725,-0.09912467,0.004830002,-0.116048,0.13901633,-0.17418657,0.08740606,0.07679721,-0.113568954,0.012528997,0.0327863,-0.15658629,48.0,48.0,LPS_stimulation,donor_B,False
435,scrna,-0.030444965,-0.048217274,0.03832874,0.02754843,-0.10198543,-0.057460535,0.08795782,-0.049752306,0.28988904,0.034153633,-0.070049144,-0.037354328,0.056412086,0.14403015,-0.047388457,0.044726275,0.02638875,0.12285781,-0.009557455,-0.026286952,-0.18176922,0.12135091,0.11806615,0.012203186,-0.011516836,0.07398521,-0.12315526,0.04822916,0.26692215,0.031819534,-0.08634584,0.18871483,0.0,0.0,LPS_stimulation,donor_A,False
436,scrna,-0.02656934,-0.08531062,-0.08386759,0.14170662,0.15179,-0.07927258,-0.0273105,-0.2467652,0.17449313,0.10355794,0.0980212,-0.012282615,0.15261358,-0.12191959,0.044388637,-0.032477845,0.023517508,-0.16209385,-0.0069709574,-0.00022026538,-0.15828793,-0.06500805,0.2653547,0.037180346,-0.03110286,-0.013579008,-0.06766083,-0.1100998,-0.07682405,-0.00066696154,-0.08110752,0.091084935,6.0,6.0,LPS_stimulation,donor_B,False
437,scrna,0.012149991,-0.0025863815,0.114569016,-0.22656715,-0.03207635,-0.12679136,-0.0958431,-0.036476925,0.008727504,-0.008866773,-0.0129146315,0.06841758,0.032065198,-0.14334677,-0.0326008,-0.0694299,0.07128727,-0.008422503,-0.033091515,0.006044495,-0.052838087,0.11079938,-0.003750369,-0.16339359,-0.089018285,0.06644933,-0.026290303,-0.012745229,0.15065049,-0.059543118,-0.07181513,0.14083333,12.0,12.0,LPS_stimulation,donor_B,False
438,scrna,-0.01787105,-0.09992936,0.11710358,0.042371873,0.09990654,-0.08529633,0.16063729,0.06294975,0.046624627,0.077570684,0.055662457,0.106063426,0.2027988,-0.18617861,-0.02565205,0.06650606,-0.12257328,0.13972594,0.085718356,-0.012997899,0.10747066,-0.060291886,-0.058762427,-0.19983764,0.032501437,-0.07636827,0.0423451,-0.024219954,0.023956146,0.09508929,-0.06133126,0.09060268,24.0,24.0,LPS_stimulation,donor_B,False
439,scrna,-0.07065245,-0.31013867,-0.078540236,-0.037605118,0.051737167,-0.03342285,0.18941641,-0.028053977,-0.07092167,0.18899558,-0.04022776,0.010148456,0.0143461935,-0.19746202,0.061598334,0.1267059,0.26031202,0.004493338,-0.19084091,-0.059797354,0.08736725,-0.09912467,0.004830002,-0.116048,0.13901633,-0.17418657,0.08740606,0.07679721,-0.113568954,0.012528997,0.0327863,-0.15658629,48.0,48.0,LPS_stimulation,donor_B,False
440,scrna,-0.030444965,-0.048217274,0.03832874,0.02754843,-0.10198543,-0.057460535,0.08795782,-0.049752306,0.28988904,0.034153633,-0.070049144,-0.037354328,0.056412086,0.14403015,-0.047388457,0.044726275,0.02638875,0.12285781,-0.009557455,-0.026286952,-0.18176922,0.12135091,0.11806615,0.012203186,-0.011516836,0.07398521,-0.12315526,0.04822916,0.26692215,0.031819534,-0.08634584,0.18871483,0.0,0.0,LPS_stimulation,donor_A,False
441,scrna,-0.02656934,-0.08531062,-0.08386759,0.14170662,0.15179,-0.07927258,-0.0273105,-0.2467652,0.17449313,0.10355794,0.0980212,-0.012282615,0.15261358,-0.12191959,0.044388637,-0.032477845,0.023517508,-0.16209385,-0.0069709574,-0.00022026538,-0.15828793,-0.06500805,0.2653547,0.037180346,-0.03110286,-0.013579008,-0.06766083,-0.1100998,-0.07682405,-0.00066696154,-0.08110752,0.091084935,6.0,6.0,LPS_stimulation,donor_A,False
442,scrna,0.012149991,-0.0025863815,0.114569016,-0.22656715,-0.03207635,-0.12679136,-0.0958431,-0.036476925,0.008727504,-0.008866773,-0.0129146315,0.06841758,0.032065198,-0.14334677,-0.0326008,-0.0694299,0.07128727,-0.008422503,-0.033091515,0.006044495,-0.052838087,0.11079938,-0.003750369,-0.16339359,-0.089018285,0.06644933,-0.026290303,-0.012745229,0.15065049,-0.059543118,-0.07181513,0.14083333,12.0,12.0,LPS_stimulation,donor_B,False
443,scrna,-0.01787105,-0.09992936,0.11710358,0.042371873,0.09990654,-0.08529633,0.16063729,0.06294975,0.046624627,0.077570684,0.055662457,0.106063426,0.2027988,-0.18617861,-0.02565205,0.06650606,-0.12257328,0.13972594,0.085718356,-0.012997899,0.10747066,-0.060291886,-0.058762427,-0.19983764,0.032501437,-0.07636827,0.0423451,-0.024219954,0.023956146,0.09508929,-0.06133126,0.09060268,24.0,24.0,LPS_stimulation,donor_A,False
444,scrna,-0.07065245,-0.31013867,-0.078540236,-0.037605118,0.051737167,-0.03342285,0.18941641,-0.028053977,-0.07092167,0.18899558,-0.04022776,0.010148456,0.0143461935,-0.19746202,0.061598334,0.1267059,0.26031202,0.004493338,-0.19084091,-0.059797354,0.08736725,-0.09912467,0.004830002,-0.116048,0.13901633,-0.17418657,0.08740606,0.07679721,-0.113568954,0.012528997,0.0327863,-0.15658629,48.0,48.0,LPS_stimulation,donor_B,False
445,scrna,-0.030444965,-0.048217274,0.03832874,0.02754843,-0.10198543,-0.057460535,0.08795782,-0.049752306,0.28988904,0.034153633,-0.070049144,-0.037354328,0.056412086,0.14403015,-0.047388457,0.044726275,0.02638875,0.12285781,-0.009557455,-0.026286952,-0.18176922,0.12135091,0.11806615,0.012203186,-0.011516836,0.07398521,-0.12315526,0.04822916,0.26692215,0.031819534,-0.08634584,0.18871483,0.0,0.0,LPS_stimulation,donor_B,False
446,scrna,-0.02656934,-0.08531062,-0.08386759,0.14170662,0.15179,-0.07927258,-0.0273105,-0.2467652,0.17449313,0.10355794,0.0980212,-0.012282615,0.15261358,-0.12191959,0.044388637,-0.032477845,0.023517508,-0.16209385,-0.0069709574,-0.00022026538,-0.15828793,-0.06500805,0.2653547,0.037180346,-0.03110286,-0.013579008,-0.06766083,-0.1100998,-0.07682405,-0.00066696154,-0.08110752,0.091084935,6.0,6.0,LPS_stimulation,donor_A,False
447,scrna,0.012149991,-0.0025863815,0.114569016,-0.22656715,-0.03207635,-0.12679136,-0.0958431,-0.036476925,0.008727504,-0.008866773,-0.0129146315,0.06841758,0.032065198,-0.14334677,-0.0326008,-0.0694299,0.07128727,-0.008422503,-0.033091515,0.006044495,-0.052838087,0.11079938,-0.003750369,-0.16339359,-0.089018285,0.06644933,-0.026290303,-0.012745229,0.15065049,-0.059543118,-0.07181513,0.14083333,12.0,12.0,LPS_stimulation,donor_A,False
448,scrna,-0.01787105,-0.09992936,0.11710358,0.042371873,0.09990654,-0.08529633,0.16063729,0.06294975,0.046624627,0.077570684,0.055662457,0.106063426,0.2027988,-0.18617861,-0.02565205,0.06650606,-0.12257328,0.13972594,0.085718356,-0.012997899,0.10747066,-0.060291886,-0.058762427,-0.19983764,0.032501437,-0.07636827,0.0423451,-0.024219954,0.023956146,0.09508929,-0.06133126,0.09060268,24.0,24.0,LPS_stimulation,donor_A,False
449,scrna,-0.07065245,-0.31013867,-0.078540236,-0.037605118,0.051737167,-0.03342285,0.18941641,-0.028053977,-0.07092167,0.18899558,-0.04022776,0.010148456,0.0143461935,-0.19746202,0.061598334,0.1267059,0.26031202,0.004493338,-0.19084091,-0.059797354,0.08736725,-0.09912467,0.004830002,-0.116048,0.13901633,-0.17418657,0.08740606,0.07679721,-0.113568954,0.012528997,0.0327863,-0.15658629,48.0,48.0,LPS_stimulation,donor_B,False
450,scrna,-0.030444965,-0.048217274,0.03832874,0.02754843,-0.10198543,-0.057460535,0.08795782,-0.049752306,0.28988904,0.034153633,-0.070049144,-0.037354328,0.056412086,0.14403015,-0.047388457,0.044726275,0.02638875,0.12285781,-0.009557455,-0.026286952,-0.18176922,0.12135091,0.11806615,0.012203186,-0.011516836,0.07398521,-0.12315526,0.04822916,0.26692215,0.031819534,-0.08634584,0.18871483,0.0,0.0,LPS_stimulation,donor_A,False
451,scrna,-0.02656934,-0.08531062,-0.08386759,0.14170662,0.15179,-0.07927258,-0.0273105,-0.2467652,0.17449313,0.10355794,0.0980212,-0.012282615,0.15261358,-0.12191959,0.044388637,-0.032477845,0.023517508,-0.16209385,-0.0069709574,-0.00022026538,-0.15828793,-0.06500805,0.2653547,0.037180346,-0.03110286,-0.013579008,-0.06766083,-0.1100998,-0.07682405,-0.00066696154,-0.08110752,0.091084935,6.0,6.0,LPS_stimulation,donor_B,False
452,scrna,0.012149991,-0.0025863815,0.114569016,-0.22656715,-0.03207635,-0.12679136,-0.0958431,-0.036476925,0.008727504,-0.008866773,-0.0129146315,0.06841758,0.032065198,-0.14334677,-0.0326008,-0.0694299,0.07128727,-0.008422503,-0.033091515,0.006044495,-0.052838087,0.11079938,-0.003750369,-0.16339359,-0.089018285,0.06644933,-0.026290303,-0.012745229,0.15065049,-0.059543118,-0.07181513,0.14083333,12.0,12.0,LPS_stimulation,donor_B,False
453,scrna,-0.01787105,-0.09992936,0.11710358,0.042371873,0.09990654,-0.08529633,0.16063729,0.06294975,0.046624627,0.077570684,0.055662457,0.106063426,0.2027988,-0.18617861,-0.02565205,0.06650606,-0.12257328,0.13972594,0.085718356,-0.012997899,0.10747066,-0.060291886,-0.058762427,-0.19983764,0.032501437,-0.07636827,0.0423451,-0.024219954,0.023956146,0.09508929,-0.06133126,0.09060268,24.0,24.0,LPS_stimulation,donor_A,False
454,scrna,-0.07065245,-0.31013867,-0.078540236,-0.037605118,0.051737167,-0.03342285,0.18941641,-0.028053977,-0.07092167,0.18899558,-0.04022776,0.010148456,0.0143461935,-0.19746202,0.061598334,0.1267059,0.26031202,0.004493338,-0.19084091,-0.059797354,0.08736725,-0.09912467,0.004830002,-0.116048,0.13901633,-0.17418657,0.08740606,0.07679721,-0.113568954,0.012528997,0.0327863,-0.15658629,48.0,48.0,LPS_stimulation,donor_B,False
455,scrna,-0.030444965,-0.048217274,0.03832874,0.02754843,-0.10198543,-0.057460535,0.08795782,-0.049752306,0.28988904,0.034153633,-0.070049144,-0.037354328,0.056412086,0.14403015,-0.047388457,0.044726275,0.02638875,0.12285781,-0.009557455,-0.026286952,-0.18176922,0.12135091,0.11806615,0.012203186,-0.011516836,0.07398521,-0.12315526,0.04822916,0.26692215,0.031819534,-0.08634584,0.18871483,0.0,0.0,LPS_stimulation,donor_B,False
456,scrna,-0.02656934,-0.08531062,-0.08386759,0.14170662,0.15179,-0.07927258,-0.0273105,-0.2467652,0.17449313,0.10355794,0.0980212,-0.012282615,0.15261358,-0.12191959,0.044388637,-0.032477845,0.023517508,-0.16209385,-0.0069709574,-0.00022026538,-0.15828793,-0.06500805,0.2653547,0.037180346,-0.03110286,-0.013579008,-0.06766083,-0.1100998,-0.07682405,-0.00066696154,-0.08110752,0.091084935,6.0,6.0,LPS_stimulation,donor_B,False
457,scrna,0.012149991,-0.0025863815,0.114569016,-0.22656715,-0.03207635,-0.12679136,-0.0958431,-0.036476925,0.008727504,-0.008866773,-0.0129146315,0.06841758,0.032065198,-0.14334677,-0.0326008,-0.0694299,0.07128727,-0.008422503,-0.033091515,0.006044495,-0.052838087,0.11079938,-0.003750369,-0.16339359,-0.089018285,0.06644933,-0.026290303,-0.012745229,0.15065049,-0.059543118,-0.07181513,0.14083333,12.0,12.0,LPS_stimulation,donor_B,False
458,scrna,-0.01787105,-0.09992936,0.11710358,0.042371873,0.09990654,-0.08529633,0.16063729,0.06294975,0.046624627,0.077570684,0.055662457,0.106063426,0.2027988,-0.18617861,-0.02565205,0.06650606,-0.12257328,0.13972594,0.085718356,-0.012997899,0.10747066,-0.060291886,-0.058762427,-0.19983764,0.032501437,-0.07636827,0.0423451,-0.024219954,0.023956146,0.09508929,-0.06133126,0.09060268,24.0,24.0,LPS_stimulation,donor_A,False
459,scrna,-0.07065245,-0.31013867,-0.078540236,-0.037605118,0.051737167,-0.03342285,0.18941641,-0.028053977,-0.07092167,0.18899558,-0.04022776,0.010148456,0.0143461935,-0.19746202,0.061598334,0.1267059,0.26031202,0.004493338,-0.19084091,-0.059797354,0.08736725,-0.09912467,0.004830002,-0.116048,0.13901633,-0.17418657,0.08740606,0.07679721,-0.113568954,0.012528997,0.0327863,-0.15658629,48.0,48.0,LPS_stimulation,donor_B,False
460,scrna,-0.030444965,-0.048217274,0.03832874,0.02754843,-0.10198543,-0.057460535,0.08795782,-0.049752306,0.28988904,0.034153633,-0.070049144,-0.037354328,0.056412086,0.14403015,-0.047388457,0.044726275,0.02638875,0.12285781,-0.009557455,-0.026286952,-0.18176922,0.12135091,0.11806615,0.012203186,-0.011516836,0.07398521,-0.12315526,0.04822916,0.26692215,0.031819534,-0.08634584,0.18871483,0.0,0.0,LPS_stimulation,donor_A,False
461,scrna,-0.02656934,-0.08531062,-0.08386759,0.14170662,0.15179,-0.07927258,-0.0273105,-0.2467652,0.17449313,0.10355794,0.0980212,-0.012282615,0.15261358,-0.12191959,0.044388637,-0.032477845,0.023517508,-0.16209385,-0.0069709574,-0.00022026538,-0.15828793,-0.06500805,0.2653547,0.037180346,-0.03110286,-0.013579008,-0.06766083,-0.1100998,-0.07682405,-0.00066696154,-0.08110752,0.091084935,6.0,6.0,LPS_stimulation,donor_B,False
462,scrna,0.012149991,-0.0025863815,0.114569016,-0.22656715,-0.03207635,-0.12679136,-0.0958431,-0.036476925,0.008727504,-0.008866773,-0.0129146315,0.06841758,0.032065198,-0.14334677,-0.0326008,-0.0694299,0.07128727,-0.008422503,-0.033091515,0.006044495,-0.052838087,0.11079938,-0.003750369,-0.16339359,-0.089018285,0.06644933,-0.026290303,-0.012745229,0.15065049,-0.059543118,-0.07181513,0.14083333,12.0,12.0,LPS_stimulation,donor_B,False
463,scrna,-0.01787105,-0.09992936,0.11710358,0.042371873,0.09990654,-0.08529633,0.16063729,0.06294975,0.046624627,0.077570684,0.055662457,0.106063426,0.2027988,-0.18617861,-0.02565205,0.06650606,-0.12257328,0.13972594,0.085718356,-0.012997899,0.10747066,-0.060291886,-0.058762427,-0.19983764,0.032501437,-0.07636827,0.0423451,-0.024219954,0.023956146,0.09508929,-0.06133126,0.09060268,24.0,24.0,LPS_stimulation,donor_A,False
464,scrna,-0.07065245,-0.31013867,-0.078540236,-0.037605118,0.051737167,-0.03342285,0.18941641,-0.028053977,-0.07092167,0.18899558,-0.04022776,0.010148456,0.0143461935,-0.19746202,0.061598334,0.1267059,0.26031202,0.004493338,-0.19084091,-0.059797354,0.08736725,-0.09912467,0.004830002,-0.116048,0.13901633,-0.17418657,0.08740606,0.07679721,-0.113568954,0.012528997,0.0327863,-0.15658629,48.0,48.0,LPS_stimulation,donor_B,False
465,scrna,-0.030444965,-0.048217274,0.03832874,0.02754843,-0.10198543,-0.057460535,0.08795782,-0.049752306,0.28988904,0.034153633,-0.070049144,-0.037354328,0.056412086,0.14403015,-0.047388457,0.044726275,0.02638875,0.12285781,-0.009557455,-0.026286952,-0.18176922,0.12135091,0.11806615,0.012203186,-0.011516836,0.07398521,-0.12315526,0.04822916,0.26692215,0.031819534,-0.08634584,0.18871483,0.0,0.0,LPS_stimulation,donor_B,False
466,scrna,-0.02656934,-0.08531062,-0.08386759,0.14170662,0.15179,-0.07927258,-0.0273105,-0.2467652,0.17449313,0.10355794,0.0980212,-0.012282615,0.15261358,-0.12191959,0.044388637,-0.032477845,0.023517508,-0.16209385,-0.0069709574,-0.00022026538,-0.15828793,-0.06500805,0.2653547,0.037180346,-0.03110286,-0.013579008,-0.06766083,-0.1100998,-0.07682405,-0.00066696154,-0.08110752,0.091084935,6.0,6.0,LPS_stimulation,donor_A,False
467,scrna,0.012149991,-0.0025863815,0.114569016,-0.22656715,-0.03207635,-0.12679136,-0.0958431,-0.036476925,0.008727504,-0.008866773,-0.0129146315,0.06841758,0.032065198,-0.14334677,-0.0326008,-0.0694299,0.07128727,-0.008422503,-0.033091515,0.006044495,-0.052838087,0.11079938,-0.003750369,-0.16339359,-0.089018285,0.06644933,-0.026290303,-0.012745229,0.15065049,-0.059543118,-0.07181513,0.14083333,12.0,12.0,LPS_stimulation,donor_B,False
468,scrna,-0.01787105,-0.09992936,0.11710358,0.042371873,0.09990654,-0.08529633,0.16063729,0.06294975,0.046624627,0.077570684,0.055662457,0.106063426,0.2027988,-0.18617861,-0.02565205,0.06650606,-0.12257328,0.13972594,0.085718356,-0.012997899,0.10747066,-0.060291886,-0.058762427,-0.19983764,0.032501437,-0.07636827,0.0423451,-0.024219954,0.023956146,0.09508929,-0.06133126,0.09060268,24.0,24.0,LPS_stimulation,donor_A,False
469,scrna,-0.07065245,-0.31013867,-0.078540236,-0.037605118,0.051737167,-0.03342285,0.18941641,-0.028053977,-0.07092167,0.18899558,-0.04022776,0.010148456,0.0143461935,-0.19746202,0.061598334,0.1267059,0.26031202,0.004493338,-0.19084091,-0.059797354,0.08736725,-0.09912467,0.004830002,-0.116048,0.13901633,-0.17418657,0.08740606,0.07679721,-0.113568954,0.012528997,0.0327863,-0.15658629,48.0,48.0,LPS_stimulation,donor_A,False
470,scrna,-0.030444965,-0.048217274,0.03832874,0.02754843,-0.10198543,-0.057460535,0.08795782,-0.049752306,0.28988904,0.034153633,-0.070049144,-0.037354328,0.056412086,0.14403015,-0.047388457,0.044726275,0.02638875,0.12285781,-0.009557455,-0.026286952,-0.18176922,0.12135091,0.11806615,0.012203186,-0.011516836,0.07398521,-0.12315526,0.04822916,0.26692215,0.031819534,-0.08634584,0.18871483,0.0,0.0,LPS_stimulation,donor_B,False
471,scrna,-0.02656934,-0.08531062,-0.08386759,0.14170662,0.15179,-0.07927258,-0.0273105,-0.2467652,0.17449313,0.10355794,0.0980212,-0.012282615,0.15261358,-0.12191959,0.044388637,-0.032477845,0.023517508,-0.16209385,-0.0069709574,-0.00022026538,-0.15828793,-0.06500805,0.2653547,0.037180346,-0.03110286,-0.013579008,-0.06766083,-0.1100998,-0.07682405,-0.00066696154,-0.08110752,0.091084935,6.0,6.0,LPS_stimulation,donor_A,False
472,scrna,0.012149991,-0.0025863815,0.114569016,-0.22656715,-0.03207635,-0.12679136,-0.0958431,-0.036476925,0.008727504,-0.008866773,-0.0129146315,0.06841758,0.032065198,-0.14334677,-0.0326008,-0.0694299,0.07128727,-0.008422503,-0.033091515,0.006044495,-0.052838087,0.11079938,-0.003750369,-0.16339359,-0.089018285,0.06644933,-0.026290303,-0.012745229,0.15065049,-0.059543118,-0.07181513,0.14083333,12.0,12.0,LPS_stimulation,donor_B,False
473,scrna,-0.01787105,-0.09992936,0.11710358,0.042371873,0.09990654,-0.08529633,0.16063729,0.06294975,0.046624627,0.077570684,0.055662457,0.106063426,0.2027988,-0.18617861,-0.02565205,0.06650606,-0.12257328,0.13972594,0.085718356,-0.012997899,0.10747066,-0.060291886,-0.058762427,-0.19983764,0.032501437,-0.07636827,0.0423451,-0.024219954,0.023956146,0.09508929,-0.06133126,0.09060268,24.0,24.0,LPS_stimulation,donor_A,False
474,scrna,-0.07065245,-0.31013867,-0.078540236,-0.037605118,0.051737167,-0.03342285,0.18941641,-0.028053977,-0.07092167,0.18899558,-0.04022776,0.010148456,0.0143461935,-0.19746202,0.061598334,0.1267059,0.26031202,0.004493338,-0.19084091,-0.059797354,0.08736725,-0.09912467,0.004830002,-0.116048,0.13901633,-0.17418657,0.08740606,0.07679721,-0.113568954,0.012528997,0.0327863,-0.15658629,48.0,48.0,LPS_stimulation,donor_A,False
475,scrna,-0.030444965,-0.048217274,0.03832874,0.02754843,-0.10198543,-0.057460535,0.08795782,-0.049752306,0.28988904,0.034153633,-0.070049144,-0.037354328,0.056412086,0.14403015,-0.047388457,0.044726275,0.02638875,0.12285781,-0.009557455,-0.026286952,-0.18176922,0.12135091,0.11806615,0.012203186,-0.011516836,0.07398521,-0.12315526,0.04822916,0.26692215,0.031819534,-0.08634584,0.18871483,0.0,0.0,LPS_stimulation,donor_A,False
476,scrna,-0.02656934,-0.08531062,-0.08386759,0.14170662,0.15179,-0.07927258,-0.0273105,-0.2467652,0.17449313,0.10355794,0.0980212,-0.012282615,0.15261358,-0.12191959,0.044388637,-0.032477845,0.023517508,-0.16209385,-0.0069709574,-0.00022026538,-0.15828793,-0.06500805,0.2653547,0.037180346,-0.03110286,-0.013579008,-0.06766083,-0.1100998,-0.07682405,-0.00066696154,-0.08110752,0.091084935,6.0,6.0,LPS_stimulation,donor_B,False
477,scrna,0.012149991,-0.0025863815,0.114569016,-0.22656715,-0.03207635,-0.12679136,-0.0958431,-0.036476925,0.008727504,-0.008866773,-0.0129146315,0.06841758,0.032065198,-0.14334677,-0.0326008,-0.0694299,0.07128727,-0.008422503,-0.033091515,0.006044495,-0.052838087,0.11079938,-0.003750369,-0.16339359,-0.089018285,0.06644933,-0.026290303,-0.012745229,0.15065049,-0.059543118,-0.07181513,0.14083333,12.0,12.0,LPS_stimulation,donor_B,False
478,scrna,-0.01787105,-0.09992936,0.11710358,0.042371873,0.09990654,-0.08529633,0.16063729,0.06294975,0.046624627,0.077570684,0.055662457,0.106063426,0.2027988,-0.18617861,-0.02565205,0.06650606,-0.12257328,0.13972594,0.085718356,-0.012997899,0.10747066,-0.060291886,-0.058762427,-0.19983764,0.032501437,-0.07636827,0.0423451,-0.024219954,0.023956146,0.09508929,-0.06133126,0.09060268,24.0,24.0,LPS_stimulation,donor_B,False
479,scrna,-0.07065245,-0.31013867,-0.078540236,-0.037605118,0.051737167,-0.03342285,0.18941641,-0.028053977,-0.07092167,0.18899558,-0.04022776,0.010148456,0.0143461935,-0.19746202,0.061598334,0.1267059,0.26031202,0.004493338,-0.19084091,-0.059797354,0.08736725,-0.09912467,0.004830002,-0.116048,0.13901633,-0.17418657,0.08740606,0.07679721,-0.113568954,0.012528997,0.0327863,-0.15658629,48.0,48.0,LPS_stimulation,donor_A,False
480,scrna,-0.030444965,-0.048217274,0.03832874,0.02754843,-0.10198543,-0.057460535,0.08795782,-0.049752306,0.28988904,0.034153633,-0.070049144,-0.037354328,0.056412086,0.14403015,-0.047388457,0.044726275,0.02638875,0.12285781,-0.009557455,-0.026286952,-0.18176922,0.12135091,0.11806615,0.012203186,-0.011516836,0.07398521,-0.12315526,0.04822916,0.26692215,0.031819534,-0.08634584,0.18871483,0.0,0.0,LPS_stimulation,donor_A,False
481,scrna,-0.02656934,-0.08531062,-0.08386759,0.14170662,0.15179,-0.07927258,-0.0273105,-0.2467652,0.17449313,0.10355794,0.0980212,-0.012282615,0.15261358,-0.12191959,0.044388637,-0.032477845,0.023517508,-0.16209385,-0.0069709574,-0.00022026538,-0.15828793,-0.06500805,0.2653547,0.037180346,-0.03110286,-0.013579008,-0.06766083,-0.1100998,-0.07682405,-0.00066696154,-0.08110752,0.091084935,6.0,6.0,LPS_stimulation,donor_B,False
482,scrna,0.012149991,-0.0025863815,0.114569016,-0.22656715,-0.03207635,-0.12679136,-0.0958431,-0.036476925,0.008727504,-0.008866773,-0.0129146315,0.06841758,0.032065198,-0.14334677,-0.0326008,-0.0694299,0.07128727,-0.008422503,-0.033091515,0.006044495,-0.052838087,0.11079938,-0.003750369,-0.16339359,-0.089018285,0.06644933,-0.026290303,-0.012745229,0.15065049,-0.059543118,-0.07181513,0.14083333,12.0,12.0,LPS_stimulation,donor_B,False
483,scrna,-0.01787105,-0.09992936,0.11710358,0.042371873,0.09990654,-0.08529633,0.16063729,0.06294975,0.046624627,0.077570684,0.055662457,0.106063426,0.2027988,-0.18617861,-0.02565205,0.06650606,-0.12257328,0.13972594,0.085718356,-0.012997899,0.10747066,-0.060291886,-0.058762427,-0.19983764,0.032501437,-0.07636827,0.0423451,-0.024219954,0.023956146,0.09508929,-0.06133126,0.09060268,24.0,24.0,LPS_stimulation,donor_B,False
484,scrna,-0.07065245,-0.31013867,-0.078540236,-0.037605118,0.051737167,-0.03342285,0.18941641,-0.028053977,-0.07092167,0.18899558,-0.04022776,0.010148456,0.0143461935,-0.19746202,0.061598334,0.1267059,0.26031202,0.004493338,-0.19084091,-0.059797354,0.08736725,-0.09912467,0.004830002,-0.116048,0.13901633,-0.17418657,0.08740606,0.07679721,-0.113568954,0.012528997,0.0327863,-0.15658629,48.0,48.0,LPS_stimulation,donor_B,False
485,scrna,-0.030444965,-0.048217274,0.03832874,0.02754843,-0.10198543,-0.057460535,0.08795782,-0.049752306,0.28988904,0.034153633,-0.070049144,-0.037354328,0.056412086,0.14403015,-0.047388457,0.044726275,0.02638875,0.12285781,-0.009557455,-0.026286952,-0.18176922,0.12135091,0.11806615,0.012203186,-0.011516836,0.07398521,-0.12315526,0.04822916,0.26692215,0.031819534,-0.08634584,0.18871483,0.0,0.0,LPS_stimulation,donor_A,False
486,scrna,-0.02656934,-0.08531062,-0.08386759,0.14170662,0.15179,-0.07927258,-0.0273105,-0.2467652,0.17449313,0.10355794,0.0980212,-0.012282615,0.15261358,-0.12191959,0.044388637,-0.032477845,0.023517508,-0.16209385,-0.0069709574,-0.00022026538,-0.15828793,-0.06500805,0.2653547,0.037180346,-0.03110286,-0.013579008,-0.06766083,-0.1100998,-0.07682405,-0.00066696154,-0.08110752,0.091084935,6.0,6.0,LPS_stimulation,donor_B,False
487,scrna,0.012149991,-0.0025863815,0.114569016,-0.22656715,-0.03207635,-0.12679136,-0.0958431,-0.036476925,0.008727504,-0.008866773,-0.0129146315,0.06841758,0.032065198,-0.14334677,-0.0326008,-0.0694299,0.07128727,-0.008422503,-0.033091515,0.006044495,-0.052838087,0.11079938,-0.003750369,-0.16339359,-0.089018285,0.06644933,-0.026290303,-0.012745229,0.15065049,-0.059543118,-0.07181513,0.14083333,12.0,12.0,LPS_stimulation,donor_A,False
488,scrna,-0.01787105,-0.09992936,0.11710358,0.042371873,0.09990654,-0.08529633,0.16063729,0.06294975,0.046624627,0.077570684,0.055662457,0.106063426,0.2027988,-0.18617861,-0.02565205,0.06650606,-0.12257328,0.13972594,0.085718356,-0.012997899,0.10747066,-0.060291886,-0.058762427,-0.19983764,0.032501437,-0.07636827,0.0423451,-0.024219954,0.023956146,0.09508929,-0.06133126,0.09060268,24.0,24.0,LPS_stimulation,donor_B,False
489,scrna,-0.07065245,-0.31013867,-0.078540236,-0.037605118,0.051737167,-0.03342285,0.18941641,-0.028053977,-0.07092167,0.18899558,-0.04022776,0.010148456,0.0143461935,-0.19746202,0.061598334,0.1267059,0.26031202,0.004493338,-0.19084091,-0.059797354,0.08736725,-0.09912467,0.004830002,-0.116048,0.13901633,-0.17418657,0.08740606,0.07679721,-0.113568954,0.012528997,0.0327863,-0.15658629,48.0,48.0,LPS_stimulation,donor_B,False
490,scrna,-0.030444965,-0.048217274,0.03832874,0.02754843,-0.10198543,-0.057460535,0.08795782,-0.049752306,0.28988904,0.034153633,-0.070049144,-0.037354328,0.056412086,0.14403015,-0.047388457,0.044726275,0.02638875,0.12285781,-0.009557455,-0.026286952,-0.18176922,0.12135091,0.11806615,0.012203186,-0.011516836,0.07398521,-0.12315526,0.04822916,0.26692215,0.031819534,-0.08634584,0.18871483,0.0,0.0,LPS_stimulation,donor_A,False
491,scrna,-0.02656934,-0.08531062,-0.08386759,0.14170662,0.15179,-0.07927258,-0.0273105,-0.2467652,0.17449313,0.10355794,0.0980212,-0.012282615,0.15261358,-0.12191959,0.044388637,-0.032477845,0.023517508,-0.16209385,-0.0069709574,-0.00022026538,-0.15828793,-0.06500805,0.2653547,0.037180346,-0.03110286,-0.013579008,-0.06766083,-0.1100998,-0.07682405,-0.00066696154,-0.08110752,0.091084935,6.0,6.0,LPS_stimulation,donor_B,False
492,scrna,0.012149991,-0.0025863815,0.114569016,-0.22656715,-0.03207635,-0.12679136,-0.0958431,-0.036476925,0.008727504,-0.008866773,-0.0129146315,0.06841758,0.032065198,-0.14334677,-0.0326008,-0.0694299,0.07128727,-0.008422503,-0.033091515,0.006044495,-0.052838087,0.11079938,-0.003750369,-0.16339359,-0.089018285,0.06644933,-0.026290303,-0.012745229,0.15065049,-0.059543118,-0.07181513,0.14083333,12.0,12.0,LPS_stimulation,donor_B,False
493,scrna,-0.01787105,-0.09992936,0.11710358,0.042371873,0.09990654,-0.08529633,0.16063729,0.06294975,0.046624627,0.077570684,0.055662457,0.106063426,0.2027988,-0.18617861,-0.02565205,0.06650606,-0.12257328,0.13972594,0.085718356,-0.012997899,0.10747066,-0.060291886,-0.058762427,-0.19983764,0.032501437,-0.07636827,0.0423451,-0.024219954,0.023956146,0.09508929,-0.06133126,0.09060268,24.0,24.0,LPS_stimulation,donor_B,False
494,scrna,-0.07065245,-0.31013867,-0.078540236,-0.037605118,0.051737167,-0.03342285,0.18941641,-0.028053977,-0.07092167,0.18899558,-0.04022776,0.010148456,0.0143461935,-0.19746202,0.061598334,0.1267059,0.26031202,0.004493338,-0.19084091,-0.059797354,0.08736725,-0.09912467,0.004830002,-0.116048,0.13901633,-0.17418657,0.08740606,0.07679721,-0.113568954,0.012528997,0.0327863,-0.15658629,48.0,48.0,LPS_stimulation,donor_B,False
495,scrna,-0.030444965,-0.048217274,0.03832874,0.02754843,-0.10198543,-0.057460535,0.08795782,-0.049752306,0.28988904,0.034153633,-0.070049144,-0.037354328,0.056412086,0.14403015,-0.047388457,0.044726275,0.02638875,0.12285781,-0.009557455,-0.026286952,-0.18176922,0.12135091,0.11806615,0.012203186,-0.011516836,0.07398521,-0.12315526,0.04822916,0.26692215,0.031819534,-0.08634584,0.18871483,0.0,0.0,LPS_stimulation,donor_B,False
496,scrna,-0.02656934,-0.08531062,-0.08386759,0.14170662,0.15179,-0.07927258,-0.0273105,-0.2467652,0.17449313,0.10355794,0.0980212,-0.012282615,0.15261358,-0.12191959,0.044388637,-0.032477845,0.023517508,-0.16209385,-0.0069709574,-0.00022026538,-0.15828793,-0.06500805,0.2653547,0.037180346,-0.03110286,-0.013579008,-0.06766083,-0.1100998,-0.07682405,-0.00066696154,-0.08110752,0.091084935,6.0,6.0,LPS_stimulation,donor_A,False
497,scrna,0.012149991,-0.0025863815,0.114569016,-0.22656715,-0.03207635,-0.12679136,-0.0958431,-0.036476925,0.008727504,-0.008866773,-0.0129146315,0.06841758,0.032065198,-0.14334677,-0.0326008,-0.0694299,0.07128727,-0.008422503,-0.033091515,0.006044495,-0.052838087,0.11079938,-0.003750369,-0.16339359,-0.089018285,0.06644933,-0.026290303,-0.012745229,0.15065049,-0.059543118,-0.07181513,0.14083333,12.0,12.0,LPS_stimulation,donor_B,False
498,scrna,-0.01787105,-0.09992936,0.11710358,0.042371873,0.09990654,-0.08529633,0.16063729,0.06294975,0.046624627,0.077570684,0.055662457,0.106063426,0.2027988,-0.18617861,-0.02565205,0.06650606,-0.12257328,0.13972594,0.085718356,-0.012997899,0.10747066,-0.060291886,-0.058762427,-0.19983764,0.032501437,-0.07636827,0.0423451,-0.024219954,0.023956146,0.09508929,-0.06133126,0.09060268,24.0,24.0,LPS_stimulation,donor_B,False
499,scrna,-0.07065245,-0.31013867,-0.078540236,-0.037605118,0.051737167,-0.03342285,0.18941641,-0.028053977,-0.07092167,0.18899558,-0.04022776,0.010148456,0.0143461935,-0.19746202,0.061598334,0.1267059,0.26031202,0.004493338,-0.19084091,-0.059797354,0.08736725,-0.09912467,0.004830002,-0.116048,0.13901633,-0.17418657,0.08740606,0.07679721,-0.113568954,0.012528997,0.0327863,-0.15658629,48.0,48.0,LPS_stimulation,donor_B,False
